-- Static Learning Module seed data generated from the markdown catalog.
-- Source: database/seeds/learning-modules/*/lessons/*.md

\echo 'Seeding published learning modules from markdown catalog...'

BEGIN;

DROP TABLE IF EXISTS seed_learning_module;
DROP TABLE IF EXISTS seed_learning_module_skill;
DROP TABLE IF EXISTS seed_learning_module_lesson;
DROP TABLE IF EXISTS seed_learning_module_quiz;
DROP TABLE IF EXISTS seed_learning_module_quiz_question;
DROP TABLE IF EXISTS seed_learning_module_quiz_option;

CREATE TEMP TABLE seed_learning_module_skill (
    skill_id uuid PRIMARY KEY,
    name text NOT NULL,
    slug text NOT NULL,
    description text NOT NULL,
    category text NOT NULL
) ON COMMIT DROP;

CREATE TEMP TABLE seed_learning_module (
    skill_module_id uuid PRIMARY KEY,
    skill_slug text NOT NULL,
    title text NOT NULL,
    slug text NOT NULL,
    description text NOT NULL,
    difficulty_level text NOT NULL,
    estimated_hours numeric(5,2) NOT NULL,
    metadata_json text NOT NULL
) ON COMMIT DROP;

CREATE TEMP TABLE seed_learning_module_lesson (
    skill_module_lesson_id uuid PRIMARY KEY,
    skill_module_id uuid NOT NULL,
    title text NOT NULL,
    slug text NOT NULL,
    summary text,
    order_index int NOT NULL,
    estimated_hours numeric(5,2) NOT NULL,
    markdown_file_key text NOT NULL,
    markdown_file_name text NOT NULL,
    content_hash text NOT NULL,
    content_size_bytes bigint NOT NULL,
    indexing_status text NOT NULL,
    indexing_error text
) ON COMMIT DROP;

CREATE TEMP TABLE seed_learning_module_quiz (
    skill_module_quiz_id uuid PRIMARY KEY,
    skill_module_id uuid NOT NULL,
    title text NOT NULL,
    description text NOT NULL,
    passing_score_percent numeric(5,2) NOT NULL,
    max_attempts int NOT NULL,
    status text NOT NULL
) ON COMMIT DROP;

CREATE TEMP TABLE seed_learning_module_quiz_question (
    skill_module_quiz_question_id uuid PRIMARY KEY,
    skill_module_id uuid NOT NULL,
    question_text text NOT NULL,
    question_type text NOT NULL,
    explanation text,
    order_index int NOT NULL,
    points int NOT NULL
) ON COMMIT DROP;

CREATE TEMP TABLE seed_learning_module_quiz_option (
    skill_module_quiz_option_id uuid PRIMARY KEY,
    skill_module_quiz_question_id uuid NOT NULL,
    option_text text NOT NULL,
    is_correct boolean NOT NULL,
    explanation text,
    order_index int NOT NULL
) ON COMMIT DROP;

INSERT INTO seed_learning_module
(skill_module_id, skill_slug, title, slug, description, difficulty_level, estimated_hours, metadata_json)
VALUES
('07f6aa3d-d98b-5e18-8fdb-374b775ba002'::uuid, 'frontend-bundlers-code-quality', 'Bundlers and Code Quality', 'bundlers-and-code-quality-07f6aa3d', 'Seeded learning path for Bundlers and Code Quality using the frontend-bundlers-code-quality skill catalog entry.', 'beginner', 3.00, '{"source":"database/seeds/learning-modules","seedVersion":1,"lessonSource":"markdown"}'),
('07fda1a8-f2e3-5239-b071-285816ae73ae'::uuid, 'frontend-e2e-testing', 'Frontend End-to-End Testing', 'frontend-end-to-end-testing-07fda1a8', 'Seeded learning path for Frontend End-to-End Testing using the frontend-e2e-testing skill catalog entry.', 'beginner', 2.25, '{"source":"database/seeds/learning-modules","seedVersion":1,"lessonSource":"markdown"}'),
('14b8dda1-9d12-59b9-9e45-1e02eceaa74b'::uuid, 'accessibility', 'Accessibility Basics', 'accessibility-basics-14b8dda1', 'Seeded learning path for Accessibility Basics using the accessibility skill catalog entry.', 'beginner', 2.25, '{"source":"database/seeds/learning-modules","seedVersion":1,"lessonSource":"markdown"}'),
('1717991d-55aa-57a1-9abc-c3923f113b9e'::uuid, 'frontend-framework-projects', 'Framework Dashboard Project', 'framework-dashboard-project-1717991d', 'Seeded learning path for Framework Dashboard Project using the frontend-framework-projects skill catalog entry.', 'beginner', 2.25, '{"source":"database/seeds/learning-modules","seedVersion":1,"lessonSource":"markdown"}'),
('17a05dcb-1778-553e-a4e6-acf1b88590a3'::uuid, 'java', 'Java Fundamentals', 'java-fundamentals-17a05dcb', 'Seeded learning path for Java Fundamentals using the java skill catalog entry.', 'beginner', 3.00, '{"source":"database/seeds/learning-modules","seedVersion":1,"lessonSource":"markdown"}'),
('1b19610a-b173-5c12-b064-1d363e19f763'::uuid, 'browser-platform-apis', 'Browser Platform APIs', 'browser-platform-apis-1b19610a', 'Seeded learning path for Browser Platform APIs using the browser-platform-apis skill catalog entry.', 'beginner', 3.00, '{"source":"database/seeds/learning-modules","seedVersion":1,"lessonSource":"markdown"}'),
('1b3074cc-3d00-52b3-a482-1bd9bfda7c0c'::uuid, 'seo', 'SEO Basics', 'seo-basics-1b3074cc', 'Seeded learning path for SEO Basics using the seo skill catalog entry.', 'beginner', 2.25, '{"source":"database/seeds/learning-modules","seedVersion":1,"lessonSource":"markdown"}'),
('25360bc9-9b5d-5ff2-b66d-ad926b78411e'::uuid, 'css', 'CSS Basics', 'css-basics-25360bc9', 'Seeded learning path for CSS Basics using the css skill catalog entry.', 'beginner', 3.75, '{"source":"database/seeds/learning-modules","seedVersion":1,"lessonSource":"markdown"}'),
('2c6b46a1-e0c8-51e3-9717-b8d823bc6229'::uuid, 'sql', 'SQL Query Foundations', 'sql-query-foundations-2c6b46a1', 'Seeded learning path for SQL Query Foundations using the sql skill catalog entry.', 'beginner', 3.00, '{"source":"database/seeds/learning-modules","seedVersion":1,"lessonSource":"markdown"}'),
('309ca7c0-cf78-5468-a673-f78bda964872'::uuid, 'typescript-vite-tooling', 'TypeScript and Vite Tooling', 'typescript-and-vite-tooling-309ca7c0', 'Seeded learning path for TypeScript and Vite Tooling using the typescript-vite-tooling skill catalog entry.', 'beginner', 2.25, '{"source":"database/seeds/learning-modules","seedVersion":1,"lessonSource":"markdown"}'),
('3bf19812-9259-5b34-bb9d-876bb4f8ddef'::uuid, 'frontend-project-foundations', 'Frontend Project Foundations', 'frontend-project-foundations-3bf19812', 'Seeded learning path for Frontend Project Foundations using the frontend-project-foundations skill catalog entry.', 'beginner', 4.50, '{"source":"database/seeds/learning-modules","seedVersion":1,"lessonSource":"markdown"}'),
('567c45f5-4fa5-5e93-8800-3aa834b8fe8c'::uuid, 'internet', 'Internet Fundamentals', 'internet-fundamentals-567c45f5', 'Seeded learning path for Internet Fundamentals using the internet skill catalog entry.', 'beginner', 3.00, '{"source":"database/seeds/learning-modules","seedVersion":1,"lessonSource":"markdown"}'),
('56a172e0-ec97-5983-8144-a525e552ef91'::uuid, 'graphql', 'GraphQL and Client Data', 'graphql-and-client-data-56a172e0', 'Seeded learning path for GraphQL and Client Data using the graphql skill catalog entry.', 'beginner', 3.00, '{"source":"database/seeds/learning-modules","seedVersion":1,"lessonSource":"markdown"}'),
('5b759437-593c-5429-9f0a-8b7ce0da6416'::uuid, 'frontend-rendering-concepts', 'Rendering and Hydration Concepts', 'rendering-and-hydration-concepts-5b759437', 'Seeded learning path for Rendering and Hydration Concepts using the frontend-rendering-concepts skill catalog entry.', 'beginner', 3.00, '{"source":"database/seeds/learning-modules","seedVersion":1,"lessonSource":"markdown"}'),
('6434de41-6bf7-58df-9ab7-e40ba98a9160'::uuid, 'frontend-performance-optimization', 'Performance Optimization', 'performance-optimization-6434de41', 'Seeded learning path for Performance Optimization using the frontend-performance-optimization skill catalog entry.', 'beginner', 3.00, '{"source":"database/seeds/learning-modules","seedVersion":1,"lessonSource":"markdown"}'),
('64e3e0b4-217c-52b7-8fc9-52cddff71499'::uuid, 'css', 'CSS Fundamentals', 'css-fundamentals-64e3e0b4', 'Seeded learning path for CSS Fundamentals using the css skill catalog entry.', 'beginner', 3.00, '{"source":"database/seeds/learning-modules","seedVersion":1,"lessonSource":"markdown"}'),
('6fd3a4ce-0a31-56be-a982-c67e7dd75f49'::uuid, 'frontend-web-security', 'Frontend Web Security', 'frontend-web-security-6fd3a4ce', 'Seeded learning path for Frontend Web Security using the frontend-web-security skill catalog entry.', 'beginner', 2.25, '{"source":"database/seeds/learning-modules","seedVersion":1,"lessonSource":"markdown"}'),
('7337055f-07bd-5240-83ec-0296a29378c0'::uuid, 'html', 'HTML Basics', 'html-basics-7337055f', 'Seeded learning path for HTML Basics using the html skill catalog entry.', 'beginner', 3.75, '{"source":"database/seeds/learning-modules","seedVersion":1,"lessonSource":"markdown"}'),
('773ad089-8e61-5850-afa4-8cafd371acbf'::uuid, 'csharp', 'C# Fundamentals', 'c-fundamentals-773ad089', 'Seeded learning path for C# Fundamentals using the csharp skill catalog entry.', 'beginner', 3.00, '{"source":"database/seeds/learning-modules","seedVersion":1,"lessonSource":"markdown"}'),
('7a0131cd-762f-50b4-a812-3fe4318bb955'::uuid, 'frontend-performance-measurement', 'Performance Measurement', 'performance-measurement-7a0131cd', 'Seeded learning path for Performance Measurement using the frontend-performance-measurement skill catalog entry.', 'beginner', 3.75, '{"source":"database/seeds/learning-modules","seedVersion":1,"lessonSource":"markdown"}'),
('86d77061-3414-500b-bc93-f6469dce806b'::uuid, 'git', 'Git Fundamentals', 'git-fundamentals-86d77061', 'Seeded learning path for Git Fundamentals using the git skill catalog entry.', 'beginner', 3.00, '{"source":"database/seeds/learning-modules","seedVersion":1,"lessonSource":"markdown"}'),
('899103ff-e1e4-507d-a999-fe675cba4362'::uuid, 'frontend-capstone-work', 'Frontend Capstone Work', 'frontend-capstone-work-899103ff', 'Seeded learning path for Frontend Capstone Work using the frontend-capstone-work skill catalog entry.', 'beginner', 2.25, '{"source":"database/seeds/learning-modules","seedVersion":1,"lessonSource":"markdown"}'),
('89d8f797-159a-56f4-9158-9af3c24cf2ed'::uuid, 'frontend-platform-apps', 'Mobile and Desktop Frontend', 'mobile-and-desktop-frontend-89d8f797', 'Seeded learning path for Mobile and Desktop Frontend using the frontend-platform-apps skill catalog entry.', 'beginner', 3.75, '{"source":"database/seeds/learning-modules","seedVersion":1,"lessonSource":"markdown"}'),
('8ce0ddf3-172f-5fe6-b6a6-220a64f34a82'::uuid, 'typescript', 'TypeScript Fundamentals', 'typescript-fundamentals-8ce0ddf3', 'Seeded learning path for TypeScript Fundamentals using the typescript skill catalog entry.', 'beginner', 3.00, '{"source":"database/seeds/learning-modules","seedVersion":1,"lessonSource":"markdown"}'),
('91eeb28c-820b-51a1-82a8-453abeddbe6b'::uuid, 'frontend-framework-ecosystem', 'Framework Ecosystem Choices', 'framework-ecosystem-choices-91eeb28c', 'Seeded learning path for Framework Ecosystem Choices using the frontend-framework-ecosystem skill catalog entry.', 'beginner', 4.50, '{"source":"database/seeds/learning-modules","seedVersion":1,"lessonSource":"markdown"}'),
('924372f8-e872-57cb-a42d-63bcc74b33fc'::uuid, 'html', 'HTML Fundamentals', 'html-fundamentals-924372f8', 'Seeded learning path for HTML Fundamentals using the html skill catalog entry.', 'beginner', 3.00, '{"source":"database/seeds/learning-modules","seedVersion":1,"lessonSource":"markdown"}'),
('958ceb47-929c-5d95-8d26-6407b2c4a292'::uuid, 'frontend-deployment', 'Frontend Deployment and Operations', 'frontend-deployment-and-operations-958ceb47', 'Seeded learning path for Frontend Deployment and Operations using the frontend-deployment skill catalog entry.', 'beginner', 2.25, '{"source":"database/seeds/learning-modules","seedVersion":1,"lessonSource":"markdown"}'),
('9ca32d4f-f00b-5dab-872f-e390fde8f638'::uuid, 'frontend-component-systems', 'Component Systems and Design Tokens', 'component-systems-and-design-tokens-9ca32d4f', 'Seeded learning path for Component Systems and Design Tokens using the frontend-component-systems skill catalog entry.', 'beginner', 2.25, '{"source":"database/seeds/learning-modules","seedVersion":1,"lessonSource":"markdown"}'),
('a3c16f2e-4804-5461-8891-41324b2891e6'::uuid, 'javascript', 'JavaScript Fundamentals', 'javascript-fundamentals-a3c16f2e', 'Seeded learning path for JavaScript Fundamentals using the javascript skill catalog entry.', 'beginner', 3.00, '{"source":"database/seeds/learning-modules","seedVersion":1,"lessonSource":"markdown"}'),
('ad119a01-d183-573a-92f7-78aa41d0fb55'::uuid, 'browser-javascript-apis', 'Browser JavaScript APIs', 'browser-javascript-apis-ad119a01', 'Seeded learning path for Browser JavaScript APIs using the browser-javascript-apis skill catalog entry.', 'beginner', 3.00, '{"source":"database/seeds/learning-modules","seedVersion":1,"lessonSource":"markdown"}'),
('ae029b53-d049-5612-8990-c482315c0312'::uuid, 'frontend-auth-security', 'Frontend Auth Security', 'frontend-auth-security-ae029b53', 'Seeded learning path for Frontend Auth Security using the frontend-auth-security skill catalog entry.', 'beginner', 3.00, '{"source":"database/seeds/learning-modules","seedVersion":1,"lessonSource":"markdown"}'),
('b51b406b-31de-59c9-858c-ff6add097034'::uuid, 'frontend-testing-fundamentals', 'Frontend Testing Fundamentals', 'frontend-testing-fundamentals-b51b406b', 'Seeded learning path for Frontend Testing Fundamentals using the frontend-testing-fundamentals skill catalog entry.', 'beginner', 2.25, '{"source":"database/seeds/learning-modules","seedVersion":1,"lessonSource":"markdown"}'),
('b58a3fc2-f608-5fac-b67f-4ca5c474a0c9'::uuid, 'frontend-portfolio-review', 'Portfolio and Review Readiness', 'portfolio-and-review-readiness-b58a3fc2', 'Seeded learning path for Portfolio and Review Readiness using the frontend-portfolio-review skill catalog entry.', 'beginner', 3.00, '{"source":"database/seeds/learning-modules","seedVersion":1,"lessonSource":"markdown"}'),
('bdcb383e-6886-57f4-8816-75ee960d89b9'::uuid, 'static-site-generation', 'Static Site Generation', 'static-site-generation-bdcb383e', 'Seeded learning path for Static Site Generation using the static-site-generation skill catalog entry.', 'beginner', 3.00, '{"source":"database/seeds/learning-modules","seedVersion":1,"lessonSource":"markdown"}'),
('c8aadeb2-ae77-54b3-95f6-6300dd31e152'::uuid, 'frontend-framework-core', 'Framework Core Concepts', 'framework-core-concepts-c8aadeb2', 'Seeded learning path for Framework Core Concepts using the frontend-framework-core skill catalog entry.', 'beginner', 4.50, '{"source":"database/seeds/learning-modules","seedVersion":1,"lessonSource":"markdown"}'),
('d92fe510-efe6-53b4-9375-09d2687555fb'::uuid, 'css-architecture', 'CSS Architecture and Preprocessors', 'css-architecture-and-preprocessors-d92fe510', 'Seeded learning path for CSS Architecture and Preprocessors using the css-architecture skill catalog entry.', 'beginner', 2.25, '{"source":"database/seeds/learning-modules","seedVersion":1,"lessonSource":"markdown"}'),
('defb6904-4007-5361-b341-f163cc4b964d'::uuid, 'frontend-package-management', 'Frontend Package Management', 'frontend-package-management-defb6904', 'Seeded learning path for Frontend Package Management using the frontend-package-management skill catalog entry.', 'beginner', 2.25, '{"source":"database/seeds/learning-modules","seedVersion":1,"lessonSource":"markdown"}'),
('e62b9a21-8129-54d6-bd8e-4b20afeb9d00'::uuid, 'javascript', 'JavaScript Basics', 'javascript-basics-e62b9a21', 'Seeded learning path for JavaScript Basics using the javascript skill catalog entry.', 'beginner', 2.25, '{"source":"database/seeds/learning-modules","seedVersion":1,"lessonSource":"markdown"}'),
('e969b5ec-237b-53d3-bc98-46d851e3bab5'::uuid, 'tailwind-css', 'Tailwind CSS', 'tailwind-css-e969b5ec', 'Seeded learning path for Tailwind CSS using the tailwind-css skill catalog entry.', 'beginner', 2.25, '{"source":"database/seeds/learning-modules","seedVersion":1,"lessonSource":"markdown"}'),
('e9fde659-d45f-5ab3-b589-53e97e6db8e6'::uuid, 'advanced-web-platform-apis', 'Advanced Web Platform APIs', 'advanced-web-platform-apis-e9fde659', 'Seeded learning path for Advanced Web Platform APIs using the advanced-web-platform-apis skill catalog entry.', 'beginner', 3.00, '{"source":"database/seeds/learning-modules","seedVersion":1,"lessonSource":"markdown"}'),
('ee5846b4-71b0-57da-a6fa-01e8944483dd'::uuid, 'git', 'Git and Repository Workflow', 'git-and-repository-workflow-ee5846b4', 'Seeded learning path for Git and Repository Workflow using the git skill catalog entry.', 'beginner', 3.00, '{"source":"database/seeds/learning-modules","seedVersion":1,"lessonSource":"markdown"}'),
('f457feef-4602-5962-afaa-bf3cc9c6bd7b'::uuid, 'http', 'HTTP and Browser Networking', 'http-and-browser-networking-f457feef', 'Seeded learning path for HTTP and Browser Networking using the http skill catalog entry.', 'beginner', 2.25, '{"source":"database/seeds/learning-modules","seedVersion":1,"lessonSource":"markdown"}'),
('f7189e57-1e38-5279-8da2-8180e964febf'::uuid, 'frontend-project-deliverables', 'Frontend Project Deliverables', 'frontend-project-deliverables-f7189e57', 'Seeded learning path for Frontend Project Deliverables using the frontend-project-deliverables skill catalog entry.', 'beginner', 4.50, '{"source":"database/seeds/learning-modules","seedVersion":1,"lessonSource":"markdown"}'),
('fd92b0ea-f764-5b38-beb9-cdde9b08c42a'::uuid, 'python', 'Python Fundamentals', 'python-fundamentals-fd92b0ea', 'Seeded learning path for Python Fundamentals using the python skill catalog entry.', 'beginner', 3.00, '{"source":"database/seeds/learning-modules","seedVersion":1,"lessonSource":"markdown"}');

INSERT INTO seed_learning_module_skill
(skill_id, name, slug, description, category)
VALUES
('ea4aa729-aa7e-59f6-a504-8ec82d726990'::uuid, 'Accessibility Basics Module', 'accessibility', 'Skill catalog entry required by the seeded Accessibility Basics learning module.', 'Learning Modules'),
('28de52c2-5118-503e-9836-a1901c4cbbdb'::uuid, 'Advanced Web Platform APIs Module', 'advanced-web-platform-apis', 'Skill catalog entry required by the seeded Advanced Web Platform APIs learning module.', 'Learning Modules'),
('f05ba42a-5dc0-53a9-b09b-667c74b64fff'::uuid, 'Browser JavaScript APIs Module', 'browser-javascript-apis', 'Skill catalog entry required by the seeded Browser JavaScript APIs learning module.', 'Learning Modules'),
('d445962b-c4a8-5b64-9e3e-1df53deffcfd'::uuid, 'Browser Platform APIs Module', 'browser-platform-apis', 'Skill catalog entry required by the seeded Browser Platform APIs learning module.', 'Learning Modules'),
('885de2a8-5205-5b31-970a-14ab49151bda'::uuid, 'C# Fundamentals Module', 'csharp', 'Skill catalog entry required by the seeded C# Fundamentals learning module.', 'Learning Modules'),
('f3943051-cd4d-5f24-a1cd-52be06ba53a9'::uuid, 'CSS Fundamentals Module', 'css', 'Skill catalog entry required by the seeded CSS Fundamentals learning module.', 'Learning Modules'),
('fbcaa81f-1034-56bf-981a-5cb3895cb187'::uuid, 'CSS Architecture and Preprocessors Module', 'css-architecture', 'Skill catalog entry required by the seeded CSS Architecture and Preprocessors learning module.', 'Learning Modules'),
('5c611ef9-c965-5c1b-8b20-73f99d88d416'::uuid, 'Frontend Auth Security Module', 'frontend-auth-security', 'Skill catalog entry required by the seeded Frontend Auth Security learning module.', 'Learning Modules'),
('4b5525ec-1d7a-55c9-801b-5b487b5ab8d3'::uuid, 'Bundlers and Code Quality Module', 'frontend-bundlers-code-quality', 'Skill catalog entry required by the seeded Bundlers and Code Quality learning module.', 'Learning Modules'),
('2d466330-e59a-5c9d-a179-26fa23954509'::uuid, 'Frontend Capstone Work Module', 'frontend-capstone-work', 'Skill catalog entry required by the seeded Frontend Capstone Work learning module.', 'Learning Modules'),
('589f0527-025f-5cc4-b27d-b29d258c0432'::uuid, 'Component Systems and Design Tokens Module', 'frontend-component-systems', 'Skill catalog entry required by the seeded Component Systems and Design Tokens learning module.', 'Learning Modules'),
('554ef211-63be-5301-bb7c-8efb7236163c'::uuid, 'Frontend Deployment and Operations Module', 'frontend-deployment', 'Skill catalog entry required by the seeded Frontend Deployment and Operations learning module.', 'Learning Modules'),
('960ea1d5-0306-578d-8db8-0962f9c026bc'::uuid, 'Frontend End-to-End Testing Module', 'frontend-e2e-testing', 'Skill catalog entry required by the seeded Frontend End-to-End Testing learning module.', 'Learning Modules'),
('cd1a8b7b-f514-54a6-8db4-ea41295a32c0'::uuid, 'Framework Core Concepts Module', 'frontend-framework-core', 'Skill catalog entry required by the seeded Framework Core Concepts learning module.', 'Learning Modules'),
('62a9845f-522a-5d07-a3c0-47d60523d42d'::uuid, 'Framework Ecosystem Choices Module', 'frontend-framework-ecosystem', 'Skill catalog entry required by the seeded Framework Ecosystem Choices learning module.', 'Learning Modules'),
('0e57f609-9b8f-5090-81d3-70076d04366b'::uuid, 'Framework Dashboard Project Module', 'frontend-framework-projects', 'Skill catalog entry required by the seeded Framework Dashboard Project learning module.', 'Learning Modules'),
('bef1c0c2-20d7-59d1-9aab-4b775f59e340'::uuid, 'Frontend Package Management Module', 'frontend-package-management', 'Skill catalog entry required by the seeded Frontend Package Management learning module.', 'Learning Modules'),
('c31eb7a9-5ee1-540d-b8b5-4a0c883571d2'::uuid, 'Performance Measurement Module', 'frontend-performance-measurement', 'Skill catalog entry required by the seeded Performance Measurement learning module.', 'Learning Modules'),
('1c2786a6-4f90-5178-a174-491590ecad82'::uuid, 'Performance Optimization Module', 'frontend-performance-optimization', 'Skill catalog entry required by the seeded Performance Optimization learning module.', 'Learning Modules'),
('0a98e864-440f-523d-8a17-495b11fe70d7'::uuid, 'Mobile and Desktop Frontend Module', 'frontend-platform-apps', 'Skill catalog entry required by the seeded Mobile and Desktop Frontend learning module.', 'Learning Modules'),
('48395316-2cc3-5385-8c88-72f61a657417'::uuid, 'Portfolio and Review Readiness Module', 'frontend-portfolio-review', 'Skill catalog entry required by the seeded Portfolio and Review Readiness learning module.', 'Learning Modules'),
('5c315763-96e7-5517-911c-ff32ab1b4ab9'::uuid, 'Frontend Project Deliverables Module', 'frontend-project-deliverables', 'Skill catalog entry required by the seeded Frontend Project Deliverables learning module.', 'Learning Modules'),
('4cf22910-68b3-5627-bfba-649f74dc9da3'::uuid, 'Frontend Project Foundations Module', 'frontend-project-foundations', 'Skill catalog entry required by the seeded Frontend Project Foundations learning module.', 'Learning Modules'),
('6fedd8ee-8bb8-53c6-8feb-aabb6682a705'::uuid, 'Rendering and Hydration Concepts Module', 'frontend-rendering-concepts', 'Skill catalog entry required by the seeded Rendering and Hydration Concepts learning module.', 'Learning Modules'),
('1a2a9034-e6eb-5545-82a9-edea472f098e'::uuid, 'Frontend Testing Fundamentals Module', 'frontend-testing-fundamentals', 'Skill catalog entry required by the seeded Frontend Testing Fundamentals learning module.', 'Learning Modules'),
('3f4a9c79-3a48-5974-b8c9-e3353691b1dc'::uuid, 'Frontend Web Security Module', 'frontend-web-security', 'Skill catalog entry required by the seeded Frontend Web Security learning module.', 'Learning Modules'),
('e19d2598-6f90-58c1-b556-56cd680ada5b'::uuid, 'Git and Repository Workflow Module', 'git', 'Skill catalog entry required by the seeded Git and Repository Workflow learning module.', 'Learning Modules'),
('9217ae33-38f3-5ef0-b932-ff858f4209fd'::uuid, 'GraphQL and Client Data Module', 'graphql', 'Skill catalog entry required by the seeded GraphQL and Client Data learning module.', 'Learning Modules'),
('2ee8da3b-7c3b-5916-8c3c-5fab72c88626'::uuid, 'HTML Fundamentals Module', 'html', 'Skill catalog entry required by the seeded HTML Fundamentals learning module.', 'Learning Modules'),
('3c3f10d7-1322-5fd1-afad-babc88e778b2'::uuid, 'HTTP and Browser Networking Module', 'http', 'Skill catalog entry required by the seeded HTTP and Browser Networking learning module.', 'Learning Modules'),
('083af48c-7b33-5665-973c-aff7f8d1696d'::uuid, 'Internet Fundamentals Module', 'internet', 'Skill catalog entry required by the seeded Internet Fundamentals learning module.', 'Learning Modules'),
('365cc17f-cdc1-53bb-9f4d-db154e4cada0'::uuid, 'Java Fundamentals Module', 'java', 'Skill catalog entry required by the seeded Java Fundamentals learning module.', 'Learning Modules'),
('eaf25735-5225-5851-a29b-9ec905001a3b'::uuid, 'JavaScript Basics Module', 'javascript', 'Skill catalog entry required by the seeded JavaScript Basics learning module.', 'Learning Modules'),
('ce831818-779a-569b-b223-d3f993dfa977'::uuid, 'Python Fundamentals Module', 'python', 'Skill catalog entry required by the seeded Python Fundamentals learning module.', 'Learning Modules'),
('c596e129-68b0-564a-a05f-4e745286373f'::uuid, 'SEO Basics Module', 'seo', 'Skill catalog entry required by the seeded SEO Basics learning module.', 'Learning Modules'),
('2c075116-5546-5de1-8fca-9a567fb1f143'::uuid, 'SQL Query Foundations Module', 'sql', 'Skill catalog entry required by the seeded SQL Query Foundations learning module.', 'Learning Modules'),
('e5367d28-8071-5cb8-a32c-8557412df9b1'::uuid, 'Static Site Generation Module', 'static-site-generation', 'Skill catalog entry required by the seeded Static Site Generation learning module.', 'Learning Modules'),
('f3255184-a917-5195-aee6-1341d632b4bc'::uuid, 'Tailwind CSS Module', 'tailwind-css', 'Skill catalog entry required by the seeded Tailwind CSS learning module.', 'Learning Modules'),
('3eea76c2-03c8-5356-830e-4d0041f8dd0d'::uuid, 'TypeScript Fundamentals Module', 'typescript', 'Skill catalog entry required by the seeded TypeScript Fundamentals learning module.', 'Learning Modules'),
('49956057-cf70-521c-a99a-7005d4c5aabd'::uuid, 'TypeScript and Vite Tooling Module', 'typescript-vite-tooling', 'Skill catalog entry required by the seeded TypeScript and Vite Tooling learning module.', 'Learning Modules');

INSERT INTO seed_learning_module_lesson
(skill_module_lesson_id, skill_module_id, title, slug, summary, order_index, estimated_hours, markdown_file_key, markdown_file_name, content_hash, content_size_bytes, indexing_status, indexing_error)
VALUES
('e9aa0455-5b78-5ca5-a167-8d59488cd1fe'::uuid, '07f6aa3d-d98b-5e18-8fdb-374b775ba002'::uuid, 'ESLint and Prettier', 'eslint-and-prettier', 'Practice ESLint and Prettier as part of the Bundlers and Code Quality module.', 1, 0.75, 'learning-modules/07f6aa3d-d98b-5e18-8fdb-374b775ba002/lessons/e9aa0455-5b78-5ca5-a167-8d59488cd1fe-01-eslint-prettier.md', '01-eslint-prettier.md', '8af994a03151bf78736e6123f5adff4e943be7d15b4939677043fef404e6f630', 807, 'failed', 'Seeded markdown is available in local storage; enable AI embeddings and reindex to build RAG chunks.'),
('8c7e873b-67da-555c-a0a4-15b9f06feb93'::uuid, '07f6aa3d-d98b-5e18-8fdb-374b775ba002'::uuid, 'Rollup, Parcel, and esbuild', 'rollup-parcel-and-esbuild', 'Practice Rollup, Parcel, and esbuild as part of the Bundlers and Code Quality module.', 2, 0.75, 'learning-modules/07f6aa3d-d98b-5e18-8fdb-374b775ba002/lessons/8c7e873b-67da-555c-a0a4-15b9f06feb93-02-rollup-parcel-esbuild.md', '02-rollup-parcel-esbuild.md', '72f4614b848492739256413237863808a409e64cf598c106eb55f6691a3e8c65', 823, 'failed', 'Seeded markdown is available in local storage; enable AI embeddings and reindex to build RAG chunks.'),
('aacc9d2f-0e7f-5e11-a840-41985d183876'::uuid, '07f6aa3d-d98b-5e18-8fdb-374b775ba002'::uuid, 'SWC', 'swc', 'Practice SWC as part of the Bundlers and Code Quality module.', 3, 0.75, 'learning-modules/07f6aa3d-d98b-5e18-8fdb-374b775ba002/lessons/aacc9d2f-0e7f-5e11-a840-41985d183876-03-swc-tooling.md', '03-swc-tooling.md', '4988bfe3b6d30438615371dd70973b84289633c3906ab05f6b1f04fc3b9c3c16', 775, 'failed', 'Seeded markdown is available in local storage; enable AI embeddings and reindex to build RAG chunks.'),
('3e6bf4dc-03e9-5bce-b1ff-0265e9975a7b'::uuid, '07f6aa3d-d98b-5e18-8fdb-374b775ba002'::uuid, 'Webpack', 'webpack', 'Practice Webpack as part of the Bundlers and Code Quality module.', 4, 0.75, 'learning-modules/07f6aa3d-d98b-5e18-8fdb-374b775ba002/lessons/3e6bf4dc-03e9-5bce-b1ff-0265e9975a7b-04-webpack-tooling.md', '04-webpack-tooling.md', 'e068ccd49519bb994c63f81fd8bec60aa23ab9927f015b06b390c8eee1a3851f', 783, 'failed', 'Seeded markdown is available in local storage; enable AI embeddings and reindex to build RAG chunks.'),
('76c90049-252a-5570-932e-9736a5880764'::uuid, '07fda1a8-f2e3-5239-b071-285816ae73ae'::uuid, 'Cypress', 'cypress', 'Practice Cypress as part of the Frontend End-to-End Testing module.', 1, 0.75, 'learning-modules/07fda1a8-f2e3-5239-b071-285816ae73ae/lessons/76c90049-252a-5570-932e-9736a5880764-01-cypress-testing.md', '01-cypress-testing.md', '6ce1e092f8ce25d385f33f678ca15fe1d78d7dbac1eab76646beb9e7dc5dcc6a', 775, 'failed', 'Seeded markdown is available in local storage; enable AI embeddings and reindex to build RAG chunks.'),
('07f3e4ab-bf4c-54e0-bfbb-233c932f68a1'::uuid, '07fda1a8-f2e3-5239-b071-285816ae73ae'::uuid, 'Playwright', 'playwright', 'Practice Playwright as part of the Frontend End-to-End Testing module.', 2, 0.75, 'learning-modules/07fda1a8-f2e3-5239-b071-285816ae73ae/lessons/07f3e4ab-bf4c-54e0-bfbb-233c932f68a1-02-playwright-testing.md', '02-playwright-testing.md', 'c958d6d7abd88394f3634e4ca68e4ed846cb1a400f8b0f30e2ea06f2ab0efb67', 781, 'failed', 'Seeded markdown is available in local storage; enable AI embeddings and reindex to build RAG chunks.'),
('4e80a2af-038e-500b-bed0-8c03d0b8fafc'::uuid, '07fda1a8-f2e3-5239-b071-285816ae73ae'::uuid, 'Required Tested Frontend App', 'required-tested-frontend-app', 'Practice Required Tested Frontend App as part of the Frontend End-to-End Testing module.', 3, 0.75, 'learning-modules/07fda1a8-f2e3-5239-b071-285816ae73ae/lessons/4e80a2af-038e-500b-bed0-8c03d0b8fafc-03-proj-tested-frontend-app.md', '03-proj-tested-frontend-app.md', 'ee84a39927df64e69e93dc5019ebb0fd5002ae97eb8564c0532aaaa0629fea9c', 817, 'failed', 'Seeded markdown is available in local storage; enable AI embeddings and reindex to build RAG chunks.'),
('ca60151f-fd5c-54bb-9da5-e5b9aa1d3ecf'::uuid, '14b8dda1-9d12-59b9-9e45-1e02eceaa74b'::uuid, 'Accessibility Testing', 'accessibility-testing', 'Practice Accessibility Testing as part of the Accessibility Basics module.', 1, 0.75, 'learning-modules/14b8dda1-9d12-59b9-9e45-1e02eceaa74b/lessons/ca60151f-fd5c-54bb-9da5-e5b9aa1d3ecf-01-a11y-testing.md', '01-a11y-testing.md', '4d6da559e13f2a0f0662b0f0a0dd151f1f2797b1c8cd50723149b1852e6cdc8c', 789, 'failed', 'Seeded markdown is available in local storage; enable AI embeddings and reindex to build RAG chunks.'),
('75af482c-2ffb-5957-977f-6b445d871a79'::uuid, '14b8dda1-9d12-59b9-9e45-1e02eceaa74b'::uuid, 'Accessibility Basics', 'accessibility-basics', 'Practice Accessibility Basics as part of the Accessibility Basics module.', 2, 0.75, 'learning-modules/14b8dda1-9d12-59b9-9e45-1e02eceaa74b/lessons/75af482c-2ffb-5957-977f-6b445d871a79-02-accessibility-basics.md', '02-accessibility-basics.md', 'ada66036149ebfb6232b7159fa32fa1aaba3c48f9cd63805d648990423a2b30f', 787, 'failed', 'Seeded markdown is available in local storage; enable AI embeddings and reindex to build RAG chunks.'),
('4e5461be-166f-540b-9e41-e44c9cf656df'::uuid, '14b8dda1-9d12-59b9-9e45-1e02eceaa74b'::uuid, 'Accessibility Review Checklist', 'accessibility-review-checklist', 'Practice Accessibility Review Checklist as part of the Accessibility Basics module.', 3, 0.75, 'learning-modules/14b8dda1-9d12-59b9-9e45-1e02eceaa74b/lessons/4e5461be-166f-540b-9e41-e44c9cf656df-03-accessibility-review-checklist.md', '03-accessibility-review-checklist.md', 'b3f3f44aa0c50eb984789aafb638cdb2cf9916881a520ac6399aaec29f778dd8', 807, 'failed', 'Seeded markdown is available in local storage; enable AI embeddings and reindex to build RAG chunks.'),
('71ee7762-0dec-5706-b79e-610b0b5dfb01'::uuid, '1717991d-55aa-57a1-9abc-c3923f113b9e'::uuid, 'Required Framework Dashboard App', 'required-framework-dashboard-app', 'Practice Required Framework Dashboard App as part of the Framework Dashboard Project module.', 1, 0.75, 'learning-modules/1717991d-55aa-57a1-9abc-c3923f113b9e/lessons/71ee7762-0dec-5706-b79e-610b0b5dfb01-01-proj-framework-dashboard.md', '01-proj-framework-dashboard.md', 'bce4f248e6ac16734caa0e0938d7abb37cf2b4c4eb957eea8fc53431383f9308', 832, 'failed', 'Seeded markdown is available in local storage; enable AI embeddings and reindex to build RAG chunks.'),
('98602061-62dc-5ad1-a275-505ac342db0a'::uuid, '1717991d-55aa-57a1-9abc-c3923f113b9e'::uuid, 'Dashboard Planning and Data Flow', 'dashboard-planning-and-data-flow', 'Practice Dashboard Planning and Data Flow as part of the Framework Dashboard Project module.', 2, 0.75, 'learning-modules/1717991d-55aa-57a1-9abc-c3923f113b9e/lessons/98602061-62dc-5ad1-a275-505ac342db0a-02-dashboard-planning-and-data-flow.md', '02-dashboard-planning-and-data-flow.md', '7f25af5b6331706a5b0567db9fb324527c3b15800daf55ac0d415bf072d6ffa2', 832, 'failed', 'Seeded markdown is available in local storage; enable AI embeddings and reindex to build RAG chunks.'),
('9d2517db-5e9b-56c6-8f1b-ec9bb8c46e6f'::uuid, '1717991d-55aa-57a1-9abc-c3923f113b9e'::uuid, 'Dashboard Review Evidence', 'dashboard-review-evidence', 'Practice Dashboard Review Evidence as part of the Framework Dashboard Project module.', 3, 0.75, 'learning-modules/1717991d-55aa-57a1-9abc-c3923f113b9e/lessons/9d2517db-5e9b-56c6-8f1b-ec9bb8c46e6f-03-dashboard-review-evidence.md', '03-dashboard-review-evidence.md', '35fdc5584158860a14c83a895da8af38d861c18a17b6b895f4c0062b4404891f', 818, 'failed', 'Seeded markdown is available in local storage; enable AI embeddings and reindex to build RAG chunks.'),
('56800d30-7059-5656-b227-c384228cc970'::uuid, '17a05dcb-1778-553e-a4e6-acf1b88590a3'::uuid, 'Java Program Structure', 'java-program-structure', 'Java programs are organized around classes, methods, packages, and strongly typed declarations. Even a small Java program has a clear structure that the compiler checks before the program runs.', 1, 0.75, 'learning-modules/17a05dcb-1778-553e-a4e6-acf1b88590a3/lessons/56800d30-7059-5656-b227-c384228cc970-01-java-program-structure.md', '01-java-program-structure.md', 'a8024cbd2d706b0577e8de56b532d2f19da66a73d669e66b223f06a0c51ed6a4', 2815, 'failed', 'Seeded markdown is available in local storage; enable AI embeddings and reindex to build RAG chunks.'),
('eddfd522-7577-5c54-a550-3a2a3178d246'::uuid, '17a05dcb-1778-553e-a4e6-acf1b88590a3'::uuid, 'Variables, Types, and Control Flow', 'variables-types-and-control-flow', 'Java is statically typed, so variable types are known at compile time. This affects how values are stored, compared, transformed, and passed through conditions and loops.', 2, 0.75, 'learning-modules/17a05dcb-1778-553e-a4e6-acf1b88590a3/lessons/eddfd522-7577-5c54-a550-3a2a3178d246-02-variables-types-and-control-flow.md', '02-variables-types-and-control-flow.md', '07017a2d8045c2ae275ccff260e168ce4ec513cf59b2076bcf6d923238b89100', 2738, 'failed', 'Seeded markdown is available in local storage; enable AI embeddings and reindex to build RAG chunks.'),
('caea5054-f606-5825-92db-c6546fa4e00f'::uuid, '17a05dcb-1778-553e-a4e6-acf1b88590a3'::uuid, 'Classes, Objects, and Methods', 'classes-objects-and-methods', 'Object-oriented Java code models related data and behavior together. A class defines the blueprint, while an object is a runtime instance of that blueprint.', 3, 0.75, 'learning-modules/17a05dcb-1778-553e-a4e6-acf1b88590a3/lessons/caea5054-f606-5825-92db-c6546fa4e00f-03-classes-objects-and-methods.md', '03-classes-objects-and-methods.md', '671a84ce90c6dbee8975960f0ea2ae2a6765f88e90a9a74c196c77606bea7cf4', 2941, 'failed', 'Seeded markdown is available in local storage; enable AI embeddings and reindex to build RAG chunks.'),
('fe1de5f2-8b02-51d9-843e-3ccd9292399b'::uuid, '17a05dcb-1778-553e-a4e6-acf1b88590a3'::uuid, 'Collections and Exceptions', 'collections-and-exceptions', 'Collections store groups of values, and exceptions represent unexpected or invalid runtime conditions. Java provides collection interfaces and structured error handling so programs can work with lists, maps, and failu...', 4, 0.75, 'learning-modules/17a05dcb-1778-553e-a4e6-acf1b88590a3/lessons/fe1de5f2-8b02-51d9-843e-3ccd9292399b-04-collections-and-exceptions.md', '04-collections-and-exceptions.md', '2eb4d1227a455a0c6198873878e6c26d7338a271cd32b1f01cff54022b07ad07', 2986, 'failed', 'Seeded markdown is available in local storage; enable AI embeddings and reindex to build RAG chunks.'),
('bf57b93e-f625-5a1b-8d06-4d6374f5c2cf'::uuid, '1b19610a-b173-5c12-b064-1d363e19f763'::uuid, 'Browser Compatibility', 'browser-compatibility', 'Practice Browser Compatibility as part of the Browser Platform APIs module.', 1, 0.75, 'learning-modules/1b19610a-b173-5c12-b064-1d363e19f763/lessons/bf57b93e-f625-5a1b-8d06-4d6374f5c2cf-01-browser-compatibility.md', '01-browser-compatibility.md', 'beb34e3dd0e438cfe92780b0ad3a59cf62bd06f9e1ecf3ff9382192eb1b2fefa', 798, 'failed', 'Seeded markdown is available in local storage; enable AI embeddings and reindex to build RAG chunks.'),
('4e252a34-513a-595c-be68-a4ec2147c121'::uuid, '1b19610a-b173-5c12-b064-1d363e19f763'::uuid, 'Credentials and Payments', 'credentials-and-payments', 'Practice Credentials and Payments as part of the Browser Platform APIs module.', 2, 0.75, 'learning-modules/1b19610a-b173-5c12-b064-1d363e19f763/lessons/4e252a34-513a-595c-be68-a4ec2147c121-02-credentials-payments.md', '02-credentials-payments.md', '8121f3b68b9b470d3a80e5205b3fc544d15833919b13cc23d0095e3cfc09439a', 804, 'failed', 'Seeded markdown is available in local storage; enable AI embeddings and reindex to build RAG chunks.'),
('abeb85ab-d395-585f-a039-7199062de6b5'::uuid, '1b19610a-b173-5c12-b064-1d363e19f763'::uuid, 'Device Orientation', 'device-orientation', 'Practice Device Orientation as part of the Browser Platform APIs module.', 3, 0.75, 'learning-modules/1b19610a-b173-5c12-b064-1d363e19f763/lessons/abeb85ab-d395-585f-a039-7199062de6b5-03-device-orientation.md', '03-device-orientation.md', '9063b000a11a73026550a644e446b189a0c5cba9190468161365d2063eeb38af', 792, 'failed', 'Seeded markdown is available in local storage; enable AI embeddings and reindex to build RAG chunks.'),
('4c03931f-be83-59d7-b569-c4561a8180fc'::uuid, '1b19610a-b173-5c12-b064-1d363e19f763'::uuid, 'Notifications and Location', 'notifications-and-location', 'Practice Notifications and Location as part of the Browser Platform APIs module.', 4, 0.75, 'learning-modules/1b19610a-b173-5c12-b064-1d363e19f763/lessons/4c03931f-be83-59d7-b569-c4561a8180fc-04-notifications-location.md', '04-notifications-location.md', '51b76f1550e7c1d2cf351f54d7a2dc440ccafac292ed9cbbe05c5c51e643a092', 808, 'failed', 'Seeded markdown is available in local storage; enable AI embeddings and reindex to build RAG chunks.'),
('2b3e5d97-8f13-595c-a702-a2608b8285fb'::uuid, '1b3074cc-3d00-52b3-a482-1bd9bfda7c0c'::uuid, 'SEO Basics', 'seo-basics', 'Practice SEO Basics as part of the SEO Basics module.', 1, 0.75, 'learning-modules/1b3074cc-3d00-52b3-a482-1bd9bfda7c0c/lessons/2b3e5d97-8f13-595c-a702-a2608b8285fb-01-seo-basics.md', '01-seo-basics.md', '22cf25a295b561513fb53a6ee83393efa967ed082d5453c82852f00f299dedef', 747, 'failed', 'Seeded markdown is available in local storage; enable AI embeddings and reindex to build RAG chunks.'),
('5571b6f4-eb75-51ba-a364-cd4afb39d676'::uuid, '1b3074cc-3d00-52b3-a482-1bd9bfda7c0c'::uuid, 'Metadata and Crawlability', 'metadata-and-crawlability', 'Practice Metadata and Crawlability as part of the SEO Basics module.', 2, 0.75, 'learning-modules/1b3074cc-3d00-52b3-a482-1bd9bfda7c0c/lessons/5571b6f4-eb75-51ba-a364-cd4afb39d676-02-metadata-and-crawlability.md', '02-metadata-and-crawlability.md', '75f6e675a3d8fc5dcd3817f9b008fd9dfe264a4d1f06977930efdff181f47129', 777, 'failed', 'Seeded markdown is available in local storage; enable AI embeddings and reindex to build RAG chunks.'),
('3474a7b6-03c4-5971-b79d-8acb171bfebf'::uuid, '1b3074cc-3d00-52b3-a482-1bd9bfda7c0c'::uuid, 'SEO Review Checklist', 'seo-review-checklist', 'Practice SEO Review Checklist as part of the SEO Basics module.', 3, 0.75, 'learning-modules/1b3074cc-3d00-52b3-a482-1bd9bfda7c0c/lessons/3474a7b6-03c4-5971-b79d-8acb171bfebf-03-seo-review-checklist.md', '03-seo-review-checklist.md', 'c0092ef79135a7d1d7d4a022b700ee36c0b10018bd04fd73c246a78a85f15c3b', 767, 'failed', 'Seeded markdown is available in local storage; enable AI embeddings and reindex to build RAG chunks.'),
('ec7f2e4d-651a-5104-9c96-692bf5914262'::uuid, '25360bc9-9b5d-5ff2-b66d-ad926b78411e'::uuid, 'Box Model, Cascade, and Specificity', 'box-model-cascade-and-specificity', 'Practice Box Model, Cascade, and Specificity as part of the CSS Basics module.', 1, 0.75, 'learning-modules/25360bc9-9b5d-5ff2-b66d-ad926b78411e/lessons/ec7f2e4d-651a-5104-9c96-692bf5914262-01-box-model-cascade.md', '01-box-model-cascade.md', '625cfac23d6eb495223e1d69fcc0dcdcfbde71eef978a43e35854a193648881c', 797, 'failed', 'Seeded markdown is available in local storage; enable AI embeddings and reindex to build RAG chunks.'),
('59332a89-9904-5fd0-889c-dba14cd88071'::uuid, '25360bc9-9b5d-5ff2-b66d-ad926b78411e'::uuid, 'CSS Basics', 'css-basics', 'Practice CSS Basics as part of the CSS Basics module.', 2, 0.75, 'learning-modules/25360bc9-9b5d-5ff2-b66d-ad926b78411e/lessons/59332a89-9904-5fd0-889c-dba14cd88071-02-css-basics.md', '02-css-basics.md', '30ba19500308e4fffa7668a329d0542f8002dd6d103e8dac352803d925543f0f', 747, 'failed', 'Seeded markdown is available in local storage; enable AI embeddings and reindex to build RAG chunks.'),
('9b98d84a-42cb-5c2b-81f4-cd81a21e6221'::uuid, '25360bc9-9b5d-5ff2-b66d-ad926b78411e'::uuid, 'Making Layouts', 'making-layouts', 'Practice Making Layouts as part of the CSS Basics module.', 3, 0.75, 'learning-modules/25360bc9-9b5d-5ff2-b66d-ad926b78411e/lessons/9b98d84a-42cb-5c2b-81f4-cd81a21e6221-03-css-layouts.md', '03-css-layouts.md', '1c61f32c30a6535e62f15a6fb9a418487cca072bb03973da4753680ea67ba3fb', 755, 'failed', 'Seeded markdown is available in local storage; enable AI embeddings and reindex to build RAG chunks.'),
('adc74bde-4084-5ea8-9acc-29d38a405846'::uuid, '25360bc9-9b5d-5ff2-b66d-ad926b78411e'::uuid, 'Responsive Design', 'responsive-design', 'Practice Responsive Design as part of the CSS Basics module.', 4, 0.75, 'learning-modules/25360bc9-9b5d-5ff2-b66d-ad926b78411e/lessons/adc74bde-4084-5ea8-9acc-29d38a405846-04-responsive-design.md', '04-responsive-design.md', '61c25ffaf80be7743fb810e0fbecd50c6ef3062dabed85ab1c221f24a85bea0b', 761, 'failed', 'Seeded markdown is available in local storage; enable AI embeddings and reindex to build RAG chunks.'),
('8e130715-eb06-5f87-aad1-05ae5be0bffc'::uuid, '25360bc9-9b5d-5ff2-b66d-ad926b78411e'::uuid, 'Responsive Images and Fonts', 'responsive-images-and-fonts', 'Practice Responsive Images and Fonts as part of the CSS Basics module.', 5, 0.75, 'learning-modules/25360bc9-9b5d-5ff2-b66d-ad926b78411e/lessons/8e130715-eb06-5f87-aad1-05ae5be0bffc-05-responsive-images-fonts.md', '05-responsive-images-fonts.md', 'acb8b8287b841c57779c4144ddfa460423be3c11cfce69de1c8fb8a405022d90', 781, 'failed', 'Seeded markdown is available in local storage; enable AI embeddings and reindex to build RAG chunks.'),
('746ad43b-030d-5b2c-b361-b46aff1348db'::uuid, '2c6b46a1-e0c8-51e3-9717-b8d823bc6229'::uuid, 'Selecting and Filtering Data', 'selecting-and-filtering-data', 'Use SELECT, WHERE, ORDER BY, and LIMIT to inspect data. This lesson is part of **SQL Basics**. It is written for beginners, but it uses realistic development examples so the learning assistant can answer questions abo...', 1, 0.75, 'learning-modules/2c6b46a1-e0c8-51e3-9717-b8d823bc6229/lessons/746ad43b-030d-5b2c-b361-b46aff1348db-01-selecting-and-filtering-data.md', '01-selecting-and-filtering-data.md', 'd300ad8fc306a3772f77947942f9418e36bee194e0a3dd78d987414a96f8b941', 3400, 'failed', 'Seeded markdown is available in local storage; enable AI embeddings and reindex to build RAG chunks.'),
('d70b5c9d-6b12-5141-b45d-1ce00a0e3c19'::uuid, '2c6b46a1-e0c8-51e3-9717-b8d823bc6229'::uuid, 'Joining Related Tables', 'joining-related-tables', 'Combine rows from related tables with joins and key relationships. This lesson is part of **SQL Basics**. It is written for beginners, but it uses realistic development examples so the learning assistant can answer qu...', 2, 0.75, 'learning-modules/2c6b46a1-e0c8-51e3-9717-b8d823bc6229/lessons/d70b5c9d-6b12-5141-b45d-1ce00a0e3c19-02-joining-related-tables.md', '02-joining-related-tables.md', '90c7704d63ca3dc7e578d09dca345fc0530909efb25fb8aac305eb8ca9c4d434', 3395, 'failed', 'Seeded markdown is available in local storage; enable AI embeddings and reindex to build RAG chunks.'),
('9ef8e156-cd31-5239-9383-047df32fc7b9'::uuid, '2c6b46a1-e0c8-51e3-9717-b8d823bc6229'::uuid, 'Grouping and Aggregation', 'grouping-and-aggregation', 'Summarize data with GROUP BY, aggregates, and HAVING. This lesson is part of **SQL Basics**. It is written for beginners, but it uses realistic development examples so the learning assistant can answer questions about...', 3, 0.75, 'learning-modules/2c6b46a1-e0c8-51e3-9717-b8d823bc6229/lessons/9ef8e156-cd31-5239-9383-047df32fc7b9-03-grouping-and-aggregation.md', '03-grouping-and-aggregation.md', '6c64a590a3dc9daee3ac0fae8181bb099ee830d487f80a9ec2e0a18e405be9bf', 3365, 'failed', 'Seeded markdown is available in local storage; enable AI embeddings and reindex to build RAG chunks.'),
('4b3dfb49-3265-5109-aab4-0a7095efb844'::uuid, '2c6b46a1-e0c8-51e3-9717-b8d823bc6229'::uuid, 'Subqueries and Result Validation', 'subqueries-and-result-validation', 'Use subqueries carefully and validate query results. This lesson is part of **SQL Basics**. It is written for beginners, but it uses realistic development examples so the learning assistant can answer questions about...', 4, 0.75, 'learning-modules/2c6b46a1-e0c8-51e3-9717-b8d823bc6229/lessons/4b3dfb49-3265-5109-aab4-0a7095efb844-04-subqueries-and-result-validation.md', '04-subqueries-and-result-validation.md', '0a57e601f1e52114334800e5144a25a29dc0eeb883d460c5399ef8c3fbcdab64', 3421, 'failed', 'Seeded markdown is available in local storage; enable AI embeddings and reindex to build RAG chunks.'),
('0ee10508-38fa-5973-b6cc-c305743135bd'::uuid, '309ca7c0-cf78-5468-a673-f78bda964872'::uuid, 'Optional TypeScript Vite Template', 'optional-typescript-vite-template', 'Practice Optional TypeScript Vite Template as part of the TypeScript and Vite Tooling module.', 1, 0.75, 'learning-modules/309ca7c0-cf78-5468-a673-f78bda964872/lessons/0ee10508-38fa-5973-b6cc-c305743135bd-01-proj-ts-vite-template.md', '01-proj-ts-vite-template.md', 'aa72b7b39e2676627ce962b8b9d6eaac9e6ceee9026674e4525b1def79f0a7a7', 830, 'failed', 'Seeded markdown is available in local storage; enable AI embeddings and reindex to build RAG chunks.'),
('9a978c4f-3a46-5cce-8f21-e4a0c0c1d262'::uuid, '309ca7c0-cf78-5468-a673-f78bda964872'::uuid, 'TypeScript', 'typescript', 'Practice TypeScript as part of the TypeScript and Vite Tooling module.', 2, 0.75, 'learning-modules/309ca7c0-cf78-5468-a673-f78bda964872/lessons/9a978c4f-3a46-5cce-8f21-e4a0c0c1d262-02-typescript-core.md', '02-typescript-core.md', '8b3954e0bbdfa770c87f927f20b18f2cff597549ebb41df142f0afdab246e32c', 784, 'failed', 'Seeded markdown is available in local storage; enable AI embeddings and reindex to build RAG chunks.'),
('d3c13cca-0e57-5413-a16f-9f7f7584ae08'::uuid, '309ca7c0-cf78-5468-a673-f78bda964872'::uuid, 'Vite', 'vite', 'Practice Vite as part of the TypeScript and Vite Tooling module.', 3, 0.75, 'learning-modules/309ca7c0-cf78-5468-a673-f78bda964872/lessons/d3c13cca-0e57-5413-a16f-9f7f7584ae08-03-vite-tooling.md', '03-vite-tooling.md', 'fd1a7c142a970f55326034b83e2bd8bc93c7052d8fc9dc060e5f45584e0267fa', 772, 'failed', 'Seeded markdown is available in local storage; enable AI embeddings and reindex to build RAG chunks.'),
('1bcae4ae-29c0-5325-886c-fbae726ee106'::uuid, '3bf19812-9259-5b34-bb9d-876bb4f8ddef'::uuid, 'Frontend Architecture Notes', 'frontend-architecture-notes', 'Practice Frontend Architecture Notes as part of the Frontend Project Foundations module.', 1, 0.75, 'learning-modules/3bf19812-9259-5b34-bb9d-876bb4f8ddef/lessons/1bcae4ae-29c0-5325-886c-fbae726ee106-01-frontend-architecture-notes.md', '01-frontend-architecture-notes.md', '86a493f3edf1e383a03c433cef5dad276c48dce3bd78313e6db6ff9c418464a0', 824, 'failed', 'Seeded markdown is available in local storage; enable AI embeddings and reindex to build RAG chunks.'),
('f9847d31-8e74-5498-b5ba-b7f08c08791b'::uuid, '3bf19812-9259-5b34-bb9d-876bb4f8ddef'::uuid, 'Frontend Code Review', 'frontend-code-review', 'Practice Frontend Code Review as part of the Frontend Project Foundations module.', 2, 0.75, 'learning-modules/3bf19812-9259-5b34-bb9d-876bb4f8ddef/lessons/f9847d31-8e74-5498-b5ba-b7f08c08791b-02-frontend-code-review.md', '02-frontend-code-review.md', '173393c6b0e4bdff4a3900376b9f645a607afe55e05860ee1390ec58164e3bb0', 810, 'failed', 'Seeded markdown is available in local storage; enable AI embeddings and reindex to build RAG chunks.'),
('cc9cca67-f24b-5fdd-8da0-3f6e7aa4b565'::uuid, '3bf19812-9259-5b34-bb9d-876bb4f8ddef'::uuid, 'Debugging Stories', 'debugging-stories', 'Practice Debugging Stories as part of the Frontend Project Foundations module.', 3, 0.75, 'learning-modules/3bf19812-9259-5b34-bb9d-876bb4f8ddef/lessons/cc9cca67-f24b-5fdd-8da0-3f6e7aa4b565-03-frontend-debugging-stories.md', '03-frontend-debugging-stories.md', 'b1ce49d6465d47acf8e46a6527cbdfd4267aa5884db14ca7c0a0cb288043b5e9', 804, 'failed', 'Seeded markdown is available in local storage; enable AI embeddings and reindex to build RAG chunks.'),
('c2c59ebf-c6ff-5c86-ba20-67e36053f60e'::uuid, '3bf19812-9259-5b34-bb9d-876bb4f8ddef'::uuid, 'Internationalization Awareness', 'internationalization-awareness', 'Practice Internationalization Awareness as part of the Frontend Project Foundations module.', 4, 0.75, 'learning-modules/3bf19812-9259-5b34-bb9d-876bb4f8ddef/lessons/c2c59ebf-c6ff-5c86-ba20-67e36053f60e-04-frontend-i18n.md', '04-frontend-i18n.md', '6779edda3d1f8800d9a9fd178d351f09c5a58b730050dd4b7a8045403b0903fd', 830, 'failed', 'Seeded markdown is available in local storage; enable AI embeddings and reindex to build RAG chunks.'),
('f138cc0f-b2aa-5a29-bc8b-4f4fdd114d11'::uuid, '3bf19812-9259-5b34-bb9d-876bb4f8ddef'::uuid, 'Frontend README and Setup Docs', 'frontend-readme-and-setup-docs', 'Practice Frontend README and Setup Docs as part of the Frontend Project Foundations module.', 5, 0.75, 'learning-modules/3bf19812-9259-5b34-bb9d-876bb4f8ddef/lessons/f138cc0f-b2aa-5a29-bc8b-4f4fdd114d11-05-frontend-readme-docs.md', '05-frontend-readme-docs.md', 'e6bf497689cdb95b86b6204b074c5406811972d5f6207879c26f790f83665011', 830, 'failed', 'Seeded markdown is available in local storage; enable AI embeddings and reindex to build RAG chunks.'),
('3c1707a6-2d7b-523d-8e41-12462fa06318'::uuid, '3bf19812-9259-5b34-bb9d-876bb4f8ddef'::uuid, 'Frontend System Design Basics', 'frontend-system-design-basics', 'Practice Frontend System Design Basics as part of the Frontend Project Foundations module.', 6, 0.75, 'learning-modules/3bf19812-9259-5b34-bb9d-876bb4f8ddef/lessons/3c1707a6-2d7b-523d-8e41-12462fa06318-06-frontend-system-design-basics.md', '06-frontend-system-design-basics.md', 'bb2c51aa22daf3b00f7c5363def5631dba79df6fa602ecfde8246ce994d82063', 828, 'failed', 'Seeded markdown is available in local storage; enable AI embeddings and reindex to build RAG chunks.'),
('4fa664d0-3ed8-5dac-b924-306664dcdce9'::uuid, '567c45f5-4fa5-5e93-8800-3aa834b8fe8c'::uuid, 'Domain Names and DNS', 'domain-names-and-dns', 'Practice Domain Names and DNS as part of the Internet Fundamentals module.', 1, 0.75, 'learning-modules/567c45f5-4fa5-5e93-8800-3aa834b8fe8c/lessons/4fa664d0-3ed8-5dac-b924-306664dcdce9-01-domain-names-dns.md', '01-domain-names-dns.md', 'c17a58a76f046cfcb573dcc7a1d3595ee460ce0e665c29c1556a639cf590d3f5', 783, 'failed', 'Seeded markdown is available in local storage; enable AI embeddings and reindex to build RAG chunks.'),
('1aa9dcb3-c98e-57af-9b18-0011e9b0396e'::uuid, '567c45f5-4fa5-5e93-8800-3aa834b8fe8c'::uuid, 'Hosting Basics', 'hosting-basics', 'Practice Hosting Basics as part of the Internet Fundamentals module.', 2, 0.75, 'learning-modules/567c45f5-4fa5-5e93-8800-3aa834b8fe8c/lessons/1aa9dcb3-c98e-57af-9b18-0011e9b0396e-02-hosting-basics.md', '02-hosting-basics.md', 'a1c316e181f002b1bb2dbb9c04713e56df9b02e54ef69cc3820fde764aa7e51b', 771, 'failed', 'Seeded markdown is available in local storage; enable AI embeddings and reindex to build RAG chunks.'),
('1b6576b6-16e1-57f3-a6b2-8068117469b4'::uuid, '567c45f5-4fa5-5e93-8800-3aa834b8fe8c'::uuid, 'How Browsers Work', 'how-browsers-work', 'Practice How Browsers Work as part of the Internet Fundamentals module.', 3, 0.75, 'learning-modules/567c45f5-4fa5-5e93-8800-3aa834b8fe8c/lessons/1b6576b6-16e1-57f3-a6b2-8068117469b4-03-how-browsers-work.md', '03-how-browsers-work.md', '68bb3cfa04bf10ad1f82c11a66194d4fc87981d060caab4f2688d0a1259f4827', 777, 'failed', 'Seeded markdown is available in local storage; enable AI embeddings and reindex to build RAG chunks.'),
('cc6b9aca-0938-52cc-a14e-42b76db8b6fc'::uuid, '567c45f5-4fa5-5e93-8800-3aa834b8fe8c'::uuid, 'How the Internet Works', 'how-the-internet-works', 'Practice How the Internet Works as part of the Internet Fundamentals module.', 4, 0.75, 'learning-modules/567c45f5-4fa5-5e93-8800-3aa834b8fe8c/lessons/cc6b9aca-0938-52cc-a14e-42b76db8b6fc-04-internet-how-it-works.md', '04-internet-how-it-works.md', 'c2c72b39a155338546ef920089b1b1537bab45211d445ce1ef8b34d5b9f77177', 787, 'failed', 'Seeded markdown is available in local storage; enable AI embeddings and reindex to build RAG chunks.'),
('3af8d008-deee-5a5c-aa98-7189efa1959f'::uuid, '56a172e0-ec97-5983-8144-a525e552ef91'::uuid, 'Apollo Client', 'apollo-client', 'Practice Apollo Client as part of the GraphQL and Client Data module.', 1, 0.75, 'learning-modules/56a172e0-ec97-5983-8144-a525e552ef91/lessons/3af8d008-deee-5a5c-aa98-7189efa1959f-01-apollo-client.md', '01-apollo-client.md', '45ede984ac91364d32b923b1c0288cbb67b56a243636e351e5f7a8e08154e197', 770, 'failed', 'Seeded markdown is available in local storage; enable AI embeddings and reindex to build RAG chunks.'),
('b94ea140-8f25-5bdb-a0de-0c0633112dfd'::uuid, '56a172e0-ec97-5983-8144-a525e552ef91'::uuid, 'GraphQL', 'graphql', 'Practice GraphQL as part of the GraphQL and Client Data module.', 2, 0.75, 'learning-modules/56a172e0-ec97-5983-8144-a525e552ef91/lessons/b94ea140-8f25-5bdb-a0de-0c0633112dfd-02-graphql-basics.md', '02-graphql-basics.md', '64c6ca8ff776cb7d3bb77471e061f9cc676a8abfe55cf182e021cfdc85a6281f', 758, 'failed', 'Seeded markdown is available in local storage; enable AI embeddings and reindex to build RAG chunks.'),
('1ee8d8af-b36b-5378-aa88-07d298cafb06'::uuid, '56a172e0-ec97-5983-8144-a525e552ef91'::uuid, 'Optional API-Driven Frontend Module', 'optional-api-driven-frontend-module', 'Practice Optional API-Driven Frontend Module as part of the GraphQL and Client Data module.', 3, 0.75, 'learning-modules/56a172e0-ec97-5983-8144-a525e552ef91/lessons/1ee8d8af-b36b-5378-aa88-07d298cafb06-03-proj-api-driven-ui.md', '03-proj-api-driven-ui.md', '1b7598846cc21a5855ece288bb0e957db74a2f55102cab7671e3bbfb983ed47e', 814, 'failed', 'Seeded markdown is available in local storage; enable AI embeddings and reindex to build RAG chunks.'),
('1cdda0d8-6a2c-5768-9f01-8a5bea62def7'::uuid, '56a172e0-ec97-5983-8144-a525e552ef91'::uuid, 'Relay Modern', 'relay-modern', 'Practice Relay Modern as part of the GraphQL and Client Data module.', 4, 0.75, 'learning-modules/56a172e0-ec97-5983-8144-a525e552ef91/lessons/1cdda0d8-6a2c-5768-9f01-8a5bea62def7-04-relay-modern.md', '04-relay-modern.md', '996f7ed2cec666fd1352f1f1b49dbdb71ca340c844c781365a51b5770f14eb9e', 768, 'failed', 'Seeded markdown is available in local storage; enable AI embeddings and reindex to build RAG chunks.'),
('41937a69-16df-5b91-9056-ff7e1d127555'::uuid, '5b759437-593c-5429-9f0a-8b7ce0da6416'::uuid, 'Next.js', 'next-js', 'Practice Next.js as part of the Rendering and Hydration Concepts module.', 1, 0.75, 'learning-modules/5b759437-593c-5429-9f0a-8b7ce0da6416/lessons/41937a69-16df-5b91-9056-ff7e1d127555-01-nextjs.md', '01-nextjs.md', '1be8e04e375020792d65442723e009d9a142d9f7814e00d3776d7359dfa7a1ad', 787, 'failed', 'Seeded markdown is available in local storage; enable AI embeddings and reindex to build RAG chunks.'),
('1590e7c5-3f4e-5f56-a8d7-f1d0c8eaf3b5'::uuid, '5b759437-593c-5429-9f0a-8b7ce0da6416'::uuid, 'Nuxt.js', 'nuxt-js', 'Practice Nuxt.js as part of the Rendering and Hydration Concepts module.', 2, 0.75, 'learning-modules/5b759437-593c-5429-9f0a-8b7ce0da6416/lessons/1590e7c5-3f4e-5f56-a8d7-f1d0c8eaf3b5-02-nuxtjs.md', '02-nuxtjs.md', '53ba0bd763e0089f162ee62d8a746c41ec16cc8b488d1d5951d16fffb38db982', 787, 'failed', 'Seeded markdown is available in local storage; enable AI embeddings and reindex to build RAG chunks.'),
('cf5dd50e-637c-5a42-9cde-b628f6072814'::uuid, '5b759437-593c-5429-9f0a-8b7ce0da6416'::uuid, 'SSR, SSG, ISR, and Hydration', 'ssr-ssg-isr-and-hydration', 'Practice SSR, SSG, ISR, and Hydration as part of the Rendering and Hydration Concepts module.', 3, 0.75, 'learning-modules/5b759437-593c-5429-9f0a-8b7ce0da6416/lessons/cf5dd50e-637c-5a42-9cde-b628f6072814-03-ssr-ssg-isr.md', '03-ssr-ssg-isr.md', 'b7d073a7ec89c812452288e817d0a6559d255c80346d6b444f32e4c81d131802', 829, 'failed', 'Seeded markdown is available in local storage; enable AI embeddings and reindex to build RAG chunks.'),
('6599f1d4-d0fc-536c-a709-ea2ec0aeac1c'::uuid, '5b759437-593c-5429-9f0a-8b7ce0da6416'::uuid, 'SvelteKit', 'sveltekit', 'Practice SvelteKit as part of the Rendering and Hydration Concepts module.', 4, 0.75, 'learning-modules/5b759437-593c-5429-9f0a-8b7ce0da6416/lessons/6599f1d4-d0fc-536c-a709-ea2ec0aeac1c-04-sveltekit.md', '04-sveltekit.md', '20d688c40476d236a8648d5d63dd689f4b28ba5a6e67aa7446153d2c0ccea1cd', 791, 'failed', 'Seeded markdown is available in local storage; enable AI embeddings and reindex to build RAG chunks.'),
('7de7635e-8f69-5c1a-90c5-0009876cb019'::uuid, '6434de41-6bf7-58df-9ab7-e40ba98a9160'::uuid, 'Asset and Bundle Optimization', 'asset-and-bundle-optimization', 'Practice Asset and Bundle Optimization as part of the Performance Optimization module.', 1, 0.75, 'learning-modules/6434de41-6bf7-58df-9ab7-e40ba98a9160/lessons/7de7635e-8f69-5c1a-90c5-0009876cb019-01-asset-bundle-optimization.md', '01-asset-bundle-optimization.md', 'c32e3200aeda8dc971c5541a8e9ea6af7b256f0d854f5042cfdf653ffeb48064', 829, 'failed', 'Seeded markdown is available in local storage; enable AI embeddings and reindex to build RAG chunks.'),
('12f4d62b-7ae3-5e07-b823-eaeab524fde0'::uuid, '6434de41-6bf7-58df-9ab7-e40ba98a9160'::uuid, 'Required Frontend Performance Audit', 'required-frontend-performance-audit', 'Practice Required Frontend Performance Audit as part of the Performance Optimization module.', 2, 0.75, 'learning-modules/6434de41-6bf7-58df-9ab7-e40ba98a9160/lessons/12f4d62b-7ae3-5e07-b823-eaeab524fde0-02-proj-performance-audit.md', '02-proj-performance-audit.md', 'e2b7263d3dbb84fb8209ef3e0bbbbb0d883729923624848bc052e08c1caaf505', 841, 'failed', 'Seeded markdown is available in local storage; enable AI embeddings and reindex to build RAG chunks.'),
('20ea78e9-ca23-55df-8ce7-e03e91efa24c'::uuid, '6434de41-6bf7-58df-9ab7-e40ba98a9160'::uuid, 'PRPL Pattern', 'prpl-pattern', 'Practice PRPL Pattern as part of the Performance Optimization module.', 3, 0.75, 'learning-modules/6434de41-6bf7-58df-9ab7-e40ba98a9160/lessons/20ea78e9-ca23-55df-8ce7-e03e91efa24c-03-prpl-pattern.md', '03-prpl-pattern.md', '5c4e4bcbfb296aea208d21b64e0d9e0681e26d78171218a59cc6f66217fe752c', 795, 'failed', 'Seeded markdown is available in local storage; enable AI embeddings and reindex to build RAG chunks.'),
('06d47a93-392e-5e3e-934e-bed9f0525863'::uuid, '6434de41-6bf7-58df-9ab7-e40ba98a9160'::uuid, 'Storage Performance Best Practices', 'storage-performance-best-practices', 'Practice Storage Performance Best Practices as part of the Performance Optimization module.', 4, 0.75, 'learning-modules/6434de41-6bf7-58df-9ab7-e40ba98a9160/lessons/06d47a93-392e-5e3e-934e-bed9f0525863-04-storage-performance.md', '04-storage-performance.md', '99d1f55a1afcc341c3e8d4350f86c05ce0ffc583ea807a36fe3a59536bdb1fe7', 839, 'failed', 'Seeded markdown is available in local storage; enable AI embeddings and reindex to build RAG chunks.'),
('5e5dc8ec-5f72-58cc-a160-4e2a03ff3be4'::uuid, '64e3e0b4-217c-52b7-8fc9-52cddff71499'::uuid, 'Selectors and the Cascade', 'selectors-and-the-cascade', 'CSS selects HTML elements and applies declarations to them. When multiple rules target the same element, the browser uses the cascade to decide which value wins. Understanding selectors and cascade rules prevents rand...', 1, 0.75, 'learning-modules/64e3e0b4-217c-52b7-8fc9-52cddff71499/lessons/5e5dc8ec-5f72-58cc-a160-4e2a03ff3be4-01-selectors-and-cascade.md', '01-selectors-and-cascade.md', '1b8e0abc0ef9c575d4e3921c902c5a9dcc77fa14ce8ca8e75b36a8f9a6037950', 3087, 'failed', 'Seeded markdown is available in local storage; enable AI embeddings and reindex to build RAG chunks.'),
('9f92bc29-059b-5765-a4d0-2f41dc2e6f28'::uuid, '64e3e0b4-217c-52b7-8fc9-52cddff71499'::uuid, 'Box Model and Spacing', 'box-model-and-spacing', 'Every visible element is treated as a rectangular box. The CSS box model explains how content, padding, border, and margin combine to create the final size and spacing of that box.', 2, 0.75, 'learning-modules/64e3e0b4-217c-52b7-8fc9-52cddff71499/lessons/9f92bc29-059b-5765-a4d0-2f41dc2e6f28-02-box-model-and-spacing.md', '02-box-model-and-spacing.md', 'ce26524d2aae36c00a762981fc84e5ac262cbd5b573076daa00e94e861b915b1', 2788, 'failed', 'Seeded markdown is available in local storage; enable AI embeddings and reindex to build RAG chunks.'),
('d20555cc-4dc2-5370-bc63-43bc427946f6'::uuid, '64e3e0b4-217c-52b7-8fc9-52cddff71499'::uuid, 'Flexbox Layout', 'flexbox-layout', 'Flexbox is a one-dimensional layout system for arranging items in a row or column. It is useful for nav bars, cards, button groups, form rows, and any layout where items need alignment and flexible spacing.', 3, 0.75, 'learning-modules/64e3e0b4-217c-52b7-8fc9-52cddff71499/lessons/d20555cc-4dc2-5370-bc63-43bc427946f6-03-flexbox-layout.md', '03-flexbox-layout.md', 'e888ab0149c06b2c0f36ff905eb3094e1f5c2af13d5859dc85c9ad742ad02776', 2909, 'failed', 'Seeded markdown is available in local storage; enable AI embeddings and reindex to build RAG chunks.'),
('d081aeea-ca31-5c77-9ea6-a5016cc216c5'::uuid, '64e3e0b4-217c-52b7-8fc9-52cddff71499'::uuid, 'Responsive CSS', 'responsive-css', 'Responsive CSS adapts layouts to different screen sizes and input conditions. The goal is not to make every device look identical. The goal is to keep content usable, readable, and efficient across contexts.', 4, 0.75, 'learning-modules/64e3e0b4-217c-52b7-8fc9-52cddff71499/lessons/d081aeea-ca31-5c77-9ea6-a5016cc216c5-04-responsive-css.md', '04-responsive-css.md', 'a9e1202696fcc64589e50cfc1ffc37673ea5dfc0af6272ca1c05c2fde763bcae', 2828, 'failed', 'Seeded markdown is available in local storage; enable AI embeddings and reindex to build RAG chunks.'),
('dd6193b8-4298-5b92-99bf-4059c83c4f1f'::uuid, '6fd3a4ce-0a31-56be-a982-c67e7dd75f49'::uuid, 'Content Security Policy', 'content-security-policy', 'Practice Content Security Policy as part of the Frontend Web Security module.', 1, 0.75, 'learning-modules/6fd3a4ce-0a31-56be-a982-c67e7dd75f49/lessons/dd6193b8-4298-5b92-99bf-4059c83c4f1f-01-content-security-policy.md', '01-content-security-policy.md', '9a4f380298ed2dd8bbd77cdfd9e7ca17c2234ca5d6294fde4a116f7c49855381', 802, 'failed', 'Seeded markdown is available in local storage; enable AI embeddings and reindex to build RAG chunks.'),
('884cb1f8-7056-5b2b-b401-aaa3fd0bda42'::uuid, '6fd3a4ce-0a31-56be-a982-c67e7dd75f49'::uuid, 'OWASP Security Risks', 'owasp-security-risks', 'Practice OWASP Security Risks as part of the Frontend Web Security module.', 2, 0.75, 'learning-modules/6fd3a4ce-0a31-56be-a982-c67e7dd75f49/lessons/884cb1f8-7056-5b2b-b401-aaa3fd0bda42-02-owasp-frontend-risks.md', '02-owasp-frontend-risks.md', '341d240d0b33d146f846998f0baafd844e4fadc9501a5e95f61e9cb2f73ec363', 796, 'failed', 'Seeded markdown is available in local storage; enable AI embeddings and reindex to build RAG chunks.'),
('709730ef-25d9-5482-9aee-df3cb8fb1fdd'::uuid, '6fd3a4ce-0a31-56be-a982-c67e7dd75f49'::uuid, 'Frontend Security Review Checklist', 'frontend-security-review-checklist', 'Practice Frontend Security Review Checklist as part of the Frontend Web Security module.', 3, 0.75, 'learning-modules/6fd3a4ce-0a31-56be-a982-c67e7dd75f49/lessons/709730ef-25d9-5482-9aee-df3cb8fb1fdd-03-frontend-security-review-checklist.md', '03-frontend-security-review-checklist.md', 'd57c5c9476a3df80af5697ee226cb8fb0160a0350d4ad5701196826bca7eb2f1', 824, 'failed', 'Seeded markdown is available in local storage; enable AI embeddings and reindex to build RAG chunks.'),
('e62024d8-3f03-5743-9761-ee11b86c1021'::uuid, '7337055f-07bd-5240-83ec-0296a29378c0'::uuid, 'Forms and Validation', 'forms-and-validation', 'Practice Forms and Validation as part of the HTML Basics module.', 1, 0.75, 'learning-modules/7337055f-07bd-5240-83ec-0296a29378c0/lessons/e62024d8-3f03-5743-9761-ee11b86c1021-01-forms-validation.md', '01-forms-validation.md', '4b69d2ce491087d6cdbade28120f0c947fd37e2151d0147efca85d81cccb3108', 769, 'failed', 'Seeded markdown is available in local storage; enable AI embeddings and reindex to build RAG chunks.'),
('ee55ccd2-b187-57ef-9288-8bb05ce9a89c'::uuid, '7337055f-07bd-5240-83ec-0296a29378c0'::uuid, 'HTML Basics', 'html-basics', 'Practice HTML Basics as part of the HTML Basics module.', 2, 0.75, 'learning-modules/7337055f-07bd-5240-83ec-0296a29378c0/lessons/ee55ccd2-b187-57ef-9288-8bb05ce9a89c-02-html-basics.md', '02-html-basics.md', '1e16dcab2686dcc11b02549856e4b3054faee4a84ae68e2e60b6eb7fc25087bc', 751, 'failed', 'Seeded markdown is available in local storage; enable AI embeddings and reindex to build RAG chunks.'),
('66197126-485d-582c-bb92-41eb050477ea'::uuid, '7337055f-07bd-5240-83ec-0296a29378c0'::uuid, 'HTML Templates', 'html-templates', 'Practice HTML Templates as part of the HTML Basics module.', 3, 0.75, 'learning-modules/7337055f-07bd-5240-83ec-0296a29378c0/lessons/66197126-485d-582c-bb92-41eb050477ea-03-html-templates.md', '03-html-templates.md', '26936457d7445cc48faa8da1f7a099f9281799db6ffa0a9b23d0f3d6aa543745', 757, 'failed', 'Seeded markdown is available in local storage; enable AI embeddings and reindex to build RAG chunks.'),
('be1856a3-c53f-5dd3-b925-45318ae1e6b5'::uuid, '7337055f-07bd-5240-83ec-0296a29378c0'::uuid, 'Progressive Enhancement', 'progressive-enhancement', 'Practice Progressive Enhancement as part of the HTML Basics module.', 4, 0.75, 'learning-modules/7337055f-07bd-5240-83ec-0296a29378c0/lessons/be1856a3-c53f-5dd3-b925-45318ae1e6b5-04-progressive-enhancement.md', '04-progressive-enhancement.md', 'e850e4556c614e13f8d377e78512008d9b290a09ee67e463c4df2c8b922e6adb', 775, 'failed', 'Seeded markdown is available in local storage; enable AI embeddings and reindex to build RAG chunks.'),
('d00fa64e-a666-50e8-b1eb-6b35f10ae0bc'::uuid, '7337055f-07bd-5240-83ec-0296a29378c0'::uuid, 'Writing Semantic HTML', 'writing-semantic-html', 'Practice Writing Semantic HTML as part of the HTML Basics module.', 5, 0.75, 'learning-modules/7337055f-07bd-5240-83ec-0296a29378c0/lessons/d00fa64e-a666-50e8-b1eb-6b35f10ae0bc-05-semantic-html.md', '05-semantic-html.md', '78d1018ece43de4b2aa20a1c7d240d67e3e11c40325bb97c3e6049d563cf0aff', 771, 'failed', 'Seeded markdown is available in local storage; enable AI embeddings and reindex to build RAG chunks.'),
('3f02ae4e-3fec-5bf2-b302-ca4b256d387c'::uuid, '773ad089-8e61-5850-afa4-8cafd371acbf'::uuid, 'C# Program Structure and Types', 'c-program-structure-and-types', 'Understand C# files, namespaces, methods, variables, and common types. This lesson is part of **C# Basics**. It is written for beginners, but it uses realistic development examples so the learning assistant can answer...', 1, 0.75, 'learning-modules/773ad089-8e61-5850-afa4-8cafd371acbf/lessons/3f02ae4e-3fec-5bf2-b302-ca4b256d387c-01-csharp-program-structure-and-types.md', '01-csharp-program-structure-and-types.md', '96f5cb6e524f1728e443bcbb7ca2f456a0f8a52c5c5f5d840bf1e32c5215970f', 3317, 'failed', 'Seeded markdown is available in local storage; enable AI embeddings and reindex to build RAG chunks.'),
('4b51215d-be64-5c6d-82e0-41cb682b1c56'::uuid, '773ad089-8e61-5850-afa4-8cafd371acbf'::uuid, 'Control Flow and Methods', 'control-flow-and-methods', 'Write decisions, loops, and reusable methods with parameters and return values. This lesson is part of **C# Basics**. It is written for beginners, but it uses realistic development examples so the learning assistant c...', 2, 0.75, 'learning-modules/773ad089-8e61-5850-afa4-8cafd371acbf/lessons/4b51215d-be64-5c6d-82e0-41cb682b1c56-02-control-flow-and-methods.md', '02-control-flow-and-methods.md', 'b7d6aa044b63d39d3c528aaf83a0887f9aaf8abe58fc9b2037cb83b6abebbdd8', 3294, 'failed', 'Seeded markdown is available in local storage; enable AI embeddings and reindex to build RAG chunks.'),
('72d7f8c5-b564-5dd4-9ab2-c55c8f9e36b3'::uuid, '773ad089-8e61-5850-afa4-8cafd371acbf'::uuid, 'Classes, Objects, and Properties', 'classes-objects-and-properties', 'Model data and behavior with classes, objects, constructors, and properties. This lesson is part of **C# Basics**. It is written for beginners, but it uses realistic development examples so the learning assistant can...', 3, 0.75, 'learning-modules/773ad089-8e61-5850-afa4-8cafd371acbf/lessons/72d7f8c5-b564-5dd4-9ab2-c55c8f9e36b3-03-classes-objects-and-properties.md', '03-classes-objects-and-properties.md', '1cf516a9d4a139017b3b54e6de91515809cec89a9111c4854c74bbe6a5393733', 3313, 'failed', 'Seeded markdown is available in local storage; enable AI embeddings and reindex to build RAG chunks.'),
('cca28fb9-a42d-5c59-a3bf-e4eb69837683'::uuid, '773ad089-8e61-5850-afa4-8cafd371acbf'::uuid, 'Collections, Exceptions, and Async Basics', 'collections-exceptions-and-async-basics', 'Use collections, handle errors, and recognize basic async method structure. This lesson is part of **C# Basics**. It is written for beginners, but it uses realistic development examples so the learning assistant can a...', 4, 0.75, 'learning-modules/773ad089-8e61-5850-afa4-8cafd371acbf/lessons/cca28fb9-a42d-5c59-a3bf-e4eb69837683-04-collections-exceptions-and-async-basics.md', '04-collections-exceptions-and-async-basics.md', '521667c27c655f672fc492d33fb5c4ffd254a80f3be02c575ee3df028433f73a', 3353, 'failed', 'Seeded markdown is available in local storage; enable AI embeddings and reindex to build RAG chunks.'),
('83e55b57-3b46-526b-aa4c-04d69fea06a5'::uuid, '7a0131cd-762f-50b4-a812-3fe4318bb955'::uuid, 'Using DevTools', 'using-devtools', 'Practice Using DevTools as part of the Performance Measurement module.', 1, 0.75, 'learning-modules/7a0131cd-762f-50b4-a812-3fe4318bb955/lessons/83e55b57-3b46-526b-aa4c-04d69fea06a5-01-devtools-performance.md', '01-devtools-performance.md', 'e3585414e156bf31505d03766d90f4a64f22beedf9491b374512995aae16cbeb', 797, 'failed', 'Seeded markdown is available in local storage; enable AI embeddings and reindex to build RAG chunks.'),
('58141bc3-8fce-5376-8c6a-c629bc866fb0'::uuid, '7a0131cd-762f-50b4-a812-3fe4318bb955'::uuid, 'Frontend Quality Gate', 'frontend-quality-gate', 'Practice Frontend Quality Gate as part of the Performance Measurement module.', 2, 0.75, 'learning-modules/7a0131cd-762f-50b4-a812-3fe4318bb955/lessons/58141bc3-8fce-5376-8c6a-c629bc866fb0-02-gate-frontend-quality.md', '02-gate-frontend-quality.md', '6debece443293703abb0880d49e0e73799db00d4124abea4ea2d1b79c4c09285', 811, 'failed', 'Seeded markdown is available in local storage; enable AI embeddings and reindex to build RAG chunks.'),
('10ba6318-476b-5309-a658-88936e5d60f6'::uuid, '7a0131cd-762f-50b4-a812-3fe4318bb955'::uuid, 'Using Lighthouse', 'using-lighthouse', 'Practice Using Lighthouse as part of the Performance Measurement module.', 3, 0.75, 'learning-modules/7a0131cd-762f-50b4-a812-3fe4318bb955/lessons/10ba6318-476b-5309-a658-88936e5d60f6-03-lighthouse-audits.md', '03-lighthouse-audits.md', '279fccd6d9cf15e901ed62b7602baa73a81fd454261ac4938b6cd80501e807a5', 801, 'failed', 'Seeded markdown is available in local storage; enable AI embeddings and reindex to build RAG chunks.'),
('7f0e5489-61de-5976-93bf-358b1a70e8ec'::uuid, '7a0131cd-762f-50b4-a812-3fe4318bb955'::uuid, 'Performance Metrics and Core Web Vitals', 'performance-metrics-and-core-web-vitals', 'Practice Performance Metrics and Core Web Vitals as part of the Performance Measurement module.', 4, 0.75, 'learning-modules/7a0131cd-762f-50b4-a812-3fe4318bb955/lessons/7f0e5489-61de-5976-93bf-358b1a70e8ec-04-performance-metrics.md', '04-performance-metrics.md', 'f329a67728398fe2f5df6914bdd604e7c1c400c53091728359b69796699c9e5c', 847, 'failed', 'Seeded markdown is available in local storage; enable AI embeddings and reindex to build RAG chunks.'),
('ac695426-0d5c-529f-b206-bdcdaef66192'::uuid, '7a0131cd-762f-50b4-a812-3fe4318bb955'::uuid, 'RAIL Model', 'rail-model', 'Practice RAIL Model as part of the Performance Measurement module.', 5, 0.75, 'learning-modules/7a0131cd-762f-50b4-a812-3fe4318bb955/lessons/ac695426-0d5c-529f-b206-bdcdaef66192-05-rail-model.md', '05-rail-model.md', 'ac03d66adbb04b5acecbe660affbf6f5ff01f105be698d0946415e033e9bfeed', 789, 'failed', 'Seeded markdown is available in local storage; enable AI embeddings and reindex to build RAG chunks.'),
('d5673516-f4e3-5e8c-b6d5-5c85dba56d18'::uuid, '86d77061-3414-500b-bc93-f6469dce806b'::uuid, 'Repository Basics and Status', 'repository-basics-and-status', 'Understand repositories, tracked files, staging, and working tree status. This lesson is part of **Git Basics**. It is written for beginners, but it uses realistic development examples so the learning assistant can an...', 1, 0.75, 'learning-modules/86d77061-3414-500b-bc93-f6469dce806b/lessons/d5673516-f4e3-5e8c-b6d5-5c85dba56d18-01-repository-basics-and-status.md', '01-repository-basics-and-status.md', '88f3ee46a64120cb443a8d206d943e839752391ee8683f69c476cb30ef80afec', 3275, 'failed', 'Seeded markdown is available in local storage; enable AI embeddings and reindex to build RAG chunks.'),
('88f03861-e7b3-5a01-850b-904915096817'::uuid, '86d77061-3414-500b-bc93-f6469dce806b'::uuid, 'Commits and Meaningful History', 'commits-and-meaningful-history', 'Create focused commits with useful messages and reviewable changes. This lesson is part of **Git Basics**. It is written for beginners, but it uses realistic development examples so the learning assistant can answer q...', 2, 0.75, 'learning-modules/86d77061-3414-500b-bc93-f6469dce806b/lessons/88f03861-e7b3-5a01-850b-904915096817-02-commits-and-meaningful-history.md', '02-commits-and-meaningful-history.md', '0e57602359fc28a37946daad520dba1eac0d23f09affb9cd1f03fe1d7574d973', 3277, 'failed', 'Seeded markdown is available in local storage; enable AI embeddings and reindex to build RAG chunks.'),
('b5b41884-408e-5432-807f-29998afd635c'::uuid, '86d77061-3414-500b-bc93-f6469dce806b'::uuid, 'Branches and Merging', 'branches-and-merging', 'Use branches to isolate work and merge completed changes. This lesson is part of **Git Basics**. It is written for beginners, but it uses realistic development examples so the learning assistant can answer questions a...', 3, 0.75, 'learning-modules/86d77061-3414-500b-bc93-f6469dce806b/lessons/b5b41884-408e-5432-807f-29998afd635c-03-branches-and-merging.md', '03-branches-and-merging.md', 'e2b609da1d060b5c34017ade368cd6994e0e8d101f18e23423b9399e22c5d501', 3228, 'failed', 'Seeded markdown is available in local storage; enable AI embeddings and reindex to build RAG chunks.'),
('e1877a34-0037-5c0c-8ae0-ba4ae9e4f653'::uuid, '86d77061-3414-500b-bc93-f6469dce806b'::uuid, 'Diffs, Restore, and Safe Fixups', 'diffs-restore-and-safe-fixups', 'Inspect changes and recover safely without losing work. This lesson is part of **Git Basics**. It is written for beginners, but it uses realistic development examples so the learning assistant can answer questions abo...', 4, 0.75, 'learning-modules/86d77061-3414-500b-bc93-f6469dce806b/lessons/e1877a34-0037-5c0c-8ae0-ba4ae9e4f653-04-diffs-restore-and-safe-fixups.md', '04-diffs-restore-and-safe-fixups.md', '02b3990a94c24754a5965b14c13234ec07d96f0408dc63d27d433a1c6e7f676c', 3256, 'failed', 'Seeded markdown is available in local storage; enable AI embeddings and reindex to build RAG chunks.'),
('8e80258d-cea1-505f-a3c5-ed35c9911979'::uuid, '899103ff-e1e4-507d-a999-fe675cba4362'::uuid, 'Required Frontend Capstone Project', 'required-frontend-capstone-project', 'Practice Required Frontend Capstone Project as part of the Frontend Capstone Work module.', 1, 0.75, 'learning-modules/899103ff-e1e4-507d-a999-fe675cba4362/lessons/8e80258d-cea1-505f-a3c5-ed35c9911979-01-proj-capstone-frontend-app.md', '01-proj-capstone-frontend-app.md', 'aaaf8843f3289f4ebb2a0192dc02fa1095fb8d5c67397b7455ea0bccba722906', 826, 'failed', 'Seeded markdown is available in local storage; enable AI embeddings and reindex to build RAG chunks.'),
('ec74c009-b466-5ff3-9a88-12677a04e173'::uuid, '899103ff-e1e4-507d-a999-fe675cba4362'::uuid, 'Optional Offline PWA', 'optional-offline-pwa', 'Practice Optional Offline PWA as part of the Frontend Capstone Work module.', 2, 0.75, 'learning-modules/899103ff-e1e4-507d-a999-fe675cba4362/lessons/ec74c009-b466-5ff3-9a88-12677a04e173-02-proj-offline-pwa.md', '02-proj-offline-pwa.md', '91f1a0aaf089088c89d3c3b6a7e61a89295d4916a67fd4594a058485467510dd', 798, 'failed', 'Seeded markdown is available in local storage; enable AI embeddings and reindex to build RAG chunks.'),
('d2f9acf6-47f9-5d84-912f-c1c12d8290c8'::uuid, '899103ff-e1e4-507d-a999-fe675cba4362'::uuid, 'Capstone Quality and Handoff', 'capstone-quality-and-handoff', 'Practice Capstone Quality and Handoff as part of the Frontend Capstone Work module.', 3, 0.75, 'learning-modules/899103ff-e1e4-507d-a999-fe675cba4362/lessons/d2f9acf6-47f9-5d84-912f-c1c12d8290c8-03-capstone-quality-and-handoff.md', '03-capstone-quality-and-handoff.md', '82cb3d1a5f8117428dc215ea1859b5f65cf94a58fdae50405ec350e07a8b98fb', 814, 'failed', 'Seeded markdown is available in local storage; enable AI embeddings and reindex to build RAG chunks.'),
('6334edaf-356c-5a08-8cf4-d79ad8a1e211'::uuid, '89d8f797-159a-56f4-9158-9af3c24cf2ed'::uuid, 'Electron', 'electron', 'Practice Electron as part of the Mobile and Desktop Frontend module.', 1, 0.75, 'learning-modules/89d8f797-159a-56f4-9158-9af3c24cf2ed/lessons/6334edaf-356c-5a08-8cf4-d79ad8a1e211-01-electron-desktop.md', '01-electron-desktop.md', '501a6d5e2e7f70315002dd9c5a12cfe3ec179cfbbbed81bdf01840c7814aae28', 779, 'failed', 'Seeded markdown is available in local storage; enable AI embeddings and reindex to build RAG chunks.'),
('022fe36a-04d7-5d24-9aa5-453665a9fd91'::uuid, '89d8f797-159a-56f4-9158-9af3c24cf2ed'::uuid, 'Flutter', 'flutter', 'Practice Flutter as part of the Mobile and Desktop Frontend module.', 2, 0.75, 'learning-modules/89d8f797-159a-56f4-9158-9af3c24cf2ed/lessons/022fe36a-04d7-5d24-9aa5-453665a9fd91-02-flutter-mobile.md', '02-flutter-mobile.md', 'fc8d357759437226ec8e3a4cacfb9aed2733d96f34086eb48945e28d46df7283', 777, 'failed', 'Seeded markdown is available in local storage; enable AI embeddings and reindex to build RAG chunks.'),
('6a542fde-22d9-523c-a472-b9399d7486f8'::uuid, '89d8f797-159a-56f4-9158-9af3c24cf2ed'::uuid, 'Ionic', 'ionic', 'Practice Ionic as part of the Mobile and Desktop Frontend module.', 3, 0.75, 'learning-modules/89d8f797-159a-56f4-9158-9af3c24cf2ed/lessons/6a542fde-22d9-523c-a472-b9399d7486f8-03-ionic-mobile.md', '03-ionic-mobile.md', '3ee1c02b7e7f0fe5a96e004a5716af6891cae3c22f1af2de026b2c7fb57d4271', 773, 'failed', 'Seeded markdown is available in local storage; enable AI embeddings and reindex to build RAG chunks.'),
('f4d903d4-0fc6-57ec-8b65-71848233031c'::uuid, '89d8f797-159a-56f4-9158-9af3c24cf2ed'::uuid, 'React Native', 'react-native', 'Practice React Native as part of the Mobile and Desktop Frontend module.', 4, 0.75, 'learning-modules/89d8f797-159a-56f4-9158-9af3c24cf2ed/lessons/f4d903d4-0fc6-57ec-8b65-71848233031c-04-react-native.md', '04-react-native.md', '0efebd080641ce5aebb5baab2ecad4d657beeb1f4a11909b5e92d9b2b4832a87', 787, 'failed', 'Seeded markdown is available in local storage; enable AI embeddings and reindex to build RAG chunks.'),
('9323c146-bf74-525d-8ef6-2fd45238e6a8'::uuid, '89d8f797-159a-56f4-9158-9af3c24cf2ed'::uuid, 'Tauri', 'tauri', 'Practice Tauri as part of the Mobile and Desktop Frontend module.', 5, 0.75, 'learning-modules/89d8f797-159a-56f4-9158-9af3c24cf2ed/lessons/9323c146-bf74-525d-8ef6-2fd45238e6a8-05-tauri-desktop.md', '05-tauri-desktop.md', 'ff88b5d09a4f471d06378c233386663ceebc6a0d30a8772d361d6c5845823c59', 773, 'failed', 'Seeded markdown is available in local storage; enable AI embeddings and reindex to build RAG chunks.'),
('fee07e4e-a75b-5f65-970b-f86e978328a0'::uuid, '8ce0ddf3-172f-5fe6-b6a6-220a64f34a82'::uuid, 'TypeScript Setup and Type Annotations', 'typescript-setup-and-type-annotations', 'Set up TypeScript and use annotations to describe values clearly. This lesson is part of **TypeScript Basics**. It is written for beginners, but it uses realistic development examples so the learning assistant can ans...', 1, 0.75, 'learning-modules/8ce0ddf3-172f-5fe6-b6a6-220a64f34a82/lessons/fee07e4e-a75b-5f65-970b-f86e978328a0-01-typescript-setup-and-type-annotations.md', '01-typescript-setup-and-type-annotations.md', 'e78b457d719cceae6da60519fe709c43d0b90dacf7b9fa3430a1e89a98c2fb52', 3531, 'failed', 'Seeded markdown is available in local storage; enable AI embeddings and reindex to build RAG chunks.'),
('6e3e6765-036b-503d-8564-a74c6a089267'::uuid, '8ce0ddf3-172f-5fe6-b6a6-220a64f34a82'::uuid, 'Objects, Interfaces, and Type Aliases', 'objects-interfaces-and-type-aliases', 'Model object shapes with interfaces and type aliases. This lesson is part of **TypeScript Basics**. It is written for beginners, but it uses realistic development examples so the learning assistant can answer question...', 2, 0.75, 'learning-modules/8ce0ddf3-172f-5fe6-b6a6-220a64f34a82/lessons/6e3e6765-036b-503d-8564-a74c6a089267-02-objects-interfaces-and-type-aliases.md', '02-objects-interfaces-and-type-aliases.md', '3f9b372ea24d0928d90400589fab9fe2229ce33d1f41ad14a31b1f192268668d', 3499, 'failed', 'Seeded markdown is available in local storage; enable AI embeddings and reindex to build RAG chunks.'),
('f32b0d20-5ed4-5928-a602-c3cdb9749dd4'::uuid, '8ce0ddf3-172f-5fe6-b6a6-220a64f34a82'::uuid, 'Union Types and Narrowing', 'union-types-and-narrowing', 'Use union types safely with guards and narrowing. This lesson is part of **TypeScript Basics**. It is written for beginners, but it uses realistic development examples so the learning assistant can answer questions ab...', 3, 0.75, 'learning-modules/8ce0ddf3-172f-5fe6-b6a6-220a64f34a82/lessons/f32b0d20-5ed4-5928-a602-c3cdb9749dd4-03-union-types-and-narrowing.md', '03-union-types-and-narrowing.md', 'e43759bef7a63ddcaef54e90cdf0a0c0c31542e0bc38784c52bf0cf02043e70e', 3455, 'failed', 'Seeded markdown is available in local storage; enable AI embeddings and reindex to build RAG chunks.'),
('7b3ab154-1ff7-5eab-976a-1a45ebb1acc3'::uuid, '8ce0ddf3-172f-5fe6-b6a6-220a64f34a82'::uuid, 'Generics and Reusable Functions', 'generics-and-reusable-functions', 'Write reusable functions while preserving type information. This lesson is part of **TypeScript Basics**. It is written for beginners, but it uses realistic development examples so the learning assistant can answer qu...', 4, 0.75, 'learning-modules/8ce0ddf3-172f-5fe6-b6a6-220a64f34a82/lessons/7b3ab154-1ff7-5eab-976a-1a45ebb1acc3-04-generics-and-reusable-functions.md', '04-generics-and-reusable-functions.md', '9cab3743cd7a1d844be9c9bb6ca9fbfc0e4999dfec6f10ec31ccc6ceb74a077a', 3484, 'failed', 'Seeded markdown is available in local storage; enable AI embeddings and reindex to build RAG chunks.'),
('24480618-9d44-5923-937c-00e9a749bc51'::uuid, '91eeb28c-820b-51a1-82a8-453abeddbe6b'::uuid, 'Angular', 'angular', 'Practice Angular as part of the Framework Ecosystem Choices module.', 1, 0.75, 'learning-modules/91eeb28c-820b-51a1-82a8-453abeddbe6b/lessons/24480618-9d44-5923-937c-00e9a749bc51-01-angular-path.md', '01-angular-path.md', '96826a08cb7a970d7aad721baef9cf8b42c96c891f170888a45d5b53749908c3', 783, 'failed', 'Seeded markdown is available in local storage; enable AI embeddings and reindex to build RAG chunks.'),
('b3c5eb64-7440-5c4b-9c2e-36a95a8a6288'::uuid, '91eeb28c-820b-51a1-82a8-453abeddbe6b'::uuid, 'Qwik', 'qwik', 'Practice Qwik as part of the Framework Ecosystem Choices module.', 2, 0.75, 'learning-modules/91eeb28c-820b-51a1-82a8-453abeddbe6b/lessons/b3c5eb64-7440-5c4b-9c2e-36a95a8a6288-02-qwik-path.md', '02-qwik-path.md', 'c4acc33147e03bfc707d3c7db46a9d54836234e39179b181902420621ccbe0d7', 777, 'failed', 'Seeded markdown is available in local storage; enable AI embeddings and reindex to build RAG chunks.'),
('c465eb75-f289-5099-8bab-5a60ede8c78c'::uuid, '91eeb28c-820b-51a1-82a8-453abeddbe6b'::uuid, 'React', 'react', 'Practice React as part of the Framework Ecosystem Choices module.', 3, 0.75, 'learning-modules/91eeb28c-820b-51a1-82a8-453abeddbe6b/lessons/c465eb75-f289-5099-8bab-5a60ede8c78c-03-react-path.md', '03-react-path.md', '0803defaf686dfc29fe4561f622bcd421eb97d9cb9dd74e1683f4f58b621d3be', 779, 'failed', 'Seeded markdown is available in local storage; enable AI embeddings and reindex to build RAG chunks.'),
('c273b74a-dab6-5c83-bc8c-d36bdb835c64'::uuid, '91eeb28c-820b-51a1-82a8-453abeddbe6b'::uuid, 'Solid JS', 'solid-js', 'Practice Solid JS as part of the Framework Ecosystem Choices module.', 4, 0.75, 'learning-modules/91eeb28c-820b-51a1-82a8-453abeddbe6b/lessons/c273b74a-dab6-5c83-bc8c-d36bdb835c64-04-solid-path.md', '04-solid-path.md', '13e87491ebf012b95c1b5d2951729cfc4100ecf5bc942450c23dd80836f5a2e7', 785, 'failed', 'Seeded markdown is available in local storage; enable AI embeddings and reindex to build RAG chunks.'),
('44173520-b0f7-52f4-a2b8-8361572b3591'::uuid, '91eeb28c-820b-51a1-82a8-453abeddbe6b'::uuid, 'Svelte', 'svelte', 'Practice Svelte as part of the Framework Ecosystem Choices module.', 5, 0.75, 'learning-modules/91eeb28c-820b-51a1-82a8-453abeddbe6b/lessons/44173520-b0f7-52f4-a2b8-8361572b3591-05-svelte-path.md', '05-svelte-path.md', 'af2157dd66841b11517ef826b0524eb7f405258ea7cc9adaf72298626545e95a', 781, 'failed', 'Seeded markdown is available in local storage; enable AI embeddings and reindex to build RAG chunks.'),
('4ee3209e-cf20-501c-a0c3-c0fdb167e68e'::uuid, '91eeb28c-820b-51a1-82a8-453abeddbe6b'::uuid, 'Vue.js', 'vue-js', 'Practice Vue.js as part of the Framework Ecosystem Choices module.', 6, 0.75, 'learning-modules/91eeb28c-820b-51a1-82a8-453abeddbe6b/lessons/4ee3209e-cf20-501c-a0c3-c0fdb167e68e-06-vue-path.md', '06-vue-path.md', 'f34b2e187c706d3afbd8073dbe80014d3fcea79728fefbe4516f0f46fe023136', 781, 'failed', 'Seeded markdown is available in local storage; enable AI embeddings and reindex to build RAG chunks.'),
('6ee09455-1108-50c7-8bb5-e472a92fd6d1'::uuid, '924372f8-e872-57cb-a42d-63bcc74b33fc'::uuid, 'HTML Document Structure', 'html-document-structure', 'HTML is the structural layer of a web page. A browser reads HTML as a tree of elements, then combines it with CSS and JavaScript to render and run the page. This lesson focuses on the page skeleton and the rules that...', 1, 0.75, 'learning-modules/924372f8-e872-57cb-a42d-63bcc74b33fc/lessons/6ee09455-1108-50c7-8bb5-e472a92fd6d1-01-html-document-structure.md', '01-html-document-structure.md', '7f903a2999f26df2f2f620e82479d7e535875df5aa222e42da532dae4dd2f692', 4078, 'failed', 'Seeded markdown is available in local storage; enable AI embeddings and reindex to build RAG chunks.'),
('c93e56a8-e162-535c-9f13-5a1e754f8f11'::uuid, '924372f8-e872-57cb-a42d-63bcc74b33fc'::uuid, 'Semantic HTML', 'semantic-html', 'Semantic HTML means choosing elements based on meaning instead of appearance. A semantic element tells the browser, assistive technologies, and future developers what a section of content represents. This reduces the...', 2, 0.75, 'learning-modules/924372f8-e872-57cb-a42d-63bcc74b33fc/lessons/c93e56a8-e162-535c-9f13-5a1e754f8f11-02-semantic-html.md', '02-semantic-html.md', '6c57b793720db60c843532d40c684ef8f6743c2a051c0c11b62015fc26817cc8', 3448, 'failed', 'Seeded markdown is available in local storage; enable AI embeddings and reindex to build RAG chunks.'),
('55cb131d-4b38-5f43-8c78-337021c28e3b'::uuid, '924372f8-e872-57cb-a42d-63bcc74b33fc'::uuid, 'Links, Images, and Media', 'links-images-and-media', 'Links and media connect a page to other resources. They look simple, but poor link text or missing image alternatives can make a page confusing or inaccessible. This lesson focuses on making links predictable and medi...', 3, 0.75, 'learning-modules/924372f8-e872-57cb-a42d-63bcc74b33fc/lessons/55cb131d-4b38-5f43-8c78-337021c28e3b-03-links-images-and-media.md', '03-links-images-and-media.md', 'd83920d6ce38e4e8a09922f938b0028ee0f5d52672c143507e87108687de124c', 3148, 'failed', 'Seeded markdown is available in local storage; enable AI embeddings and reindex to build RAG chunks.'),
('5a020d27-cfa5-562e-8803-efc020ca03ff'::uuid, '924372f8-e872-57cb-a42d-63bcc74b33fc'::uuid, 'Forms and Basic Validation', 'forms-and-basic-validation', 'Forms collect user input. Good forms are explicit, accessible, and hard to misuse. HTML provides built-in form controls and validation features, but they only work well when labels, names, types, and constraints are u...', 4, 0.75, 'learning-modules/924372f8-e872-57cb-a42d-63bcc74b33fc/lessons/5a020d27-cfa5-562e-8803-efc020ca03ff-04-forms-and-basic-validation.md', '04-forms-and-basic-validation.md', '5a177d1b7d1142f0e008c00061349d28f7203bf56ca641179bf473c5fd75a445', 3306, 'failed', 'Seeded markdown is available in local storage; enable AI embeddings and reindex to build RAG chunks.'),
('36a36f84-af99-5351-8588-c0329720ad1a'::uuid, '958ceb47-929c-5d95-8d26-6407b2c4a292'::uuid, 'Frontend CI/CD', 'frontend-ci-cd', 'Practice Frontend CI/CD as part of the Frontend Deployment and Operations module.', 1, 0.75, 'learning-modules/958ceb47-929c-5d95-8d26-6407b2c4a292/lessons/36a36f84-af99-5351-8588-c0329720ad1a-01-frontend-ci-cd.md', '01-frontend-ci-cd.md', 'e8c9785b3dd719203af22983662acb15c696aa0ff0a838116fb4b243c5aa36e8', 795, 'failed', 'Seeded markdown is available in local storage; enable AI embeddings and reindex to build RAG chunks.'),
('c53e52aa-81a0-563a-8b13-6f961dac5596'::uuid, '958ceb47-929c-5d95-8d26-6407b2c4a292'::uuid, 'Frontend Deployment', 'frontend-deployment', 'Practice Frontend Deployment as part of the Frontend Deployment and Operations module.', 2, 0.75, 'learning-modules/958ceb47-929c-5d95-8d26-6407b2c4a292/lessons/c53e52aa-81a0-563a-8b13-6f961dac5596-02-frontend-deployment.md', '02-frontend-deployment.md', '6dbe0d1f35f74b5b14e154e5bd34a3b103b02f6114ddfe6f678fa477142e4e84', 805, 'failed', 'Seeded markdown is available in local storage; enable AI embeddings and reindex to build RAG chunks.'),
('f2d33706-e4d3-545d-ac96-3240ccdc0d36'::uuid, '958ceb47-929c-5d95-8d26-6407b2c4a292'::uuid, 'Frontend Error Monitoring', 'frontend-error-monitoring', 'Practice Frontend Error Monitoring as part of the Frontend Deployment and Operations module.', 3, 0.75, 'learning-modules/958ceb47-929c-5d95-8d26-6407b2c4a292/lessons/f2d33706-e4d3-545d-ac96-3240ccdc0d36-03-frontend-monitoring.md', '03-frontend-monitoring.md', '9640353ff9d6e990be14a09fdaca4f666c66217abe885fbdef6d1639bea0a38f', 817, 'failed', 'Seeded markdown is available in local storage; enable AI embeddings and reindex to build RAG chunks.'),
('f839d2dc-d787-51c1-9b3a-2b5582023136'::uuid, '9ca32d4f-f00b-5dab-872f-e390fde8f638'::uuid, 'Component Libraries and Design Systems', 'component-libraries-and-design-systems', 'Practice Component Libraries and Design Systems as part of the Component Systems and Design Tokens module.', 1, 0.75, 'learning-modules/9ca32d4f-f00b-5dab-872f-e390fde8f638/lessons/f839d2dc-d787-51c1-9b3a-2b5582023136-01-component-libraries.md', '01-component-libraries.md', '421daf7124ec18f8452487d549d1cdb58b07d41fce1e5f446ca88f228bf9584c', 851, 'failed', 'Seeded markdown is available in local storage; enable AI embeddings and reindex to build RAG chunks.'),
('a146ef45-48a1-53e5-9fb6-5f908f372ce5'::uuid, '9ca32d4f-f00b-5dab-872f-e390fde8f638'::uuid, 'Design Tokens and Theming', 'design-tokens-and-theming', 'Practice Design Tokens and Theming as part of the Component Systems and Design Tokens module.', 2, 0.75, 'learning-modules/9ca32d4f-f00b-5dab-872f-e390fde8f638/lessons/a146ef45-48a1-53e5-9fb6-5f908f372ce5-02-design-tokens.md', '02-design-tokens.md', 'de512bff82a2713631d3c6d514dd3081a4d87a1fb20d73b5cbe95a07d8445e30', 825, 'failed', 'Seeded markdown is available in local storage; enable AI embeddings and reindex to build RAG chunks.'),
('2939ada3-f0c9-5f50-9d2d-fe65b29b772a'::uuid, '9ca32d4f-f00b-5dab-872f-e390fde8f638'::uuid, 'Component Documentation and Storybook', 'component-documentation-and-storybook', 'Practice Component Documentation and Storybook as part of the Component Systems and Design Tokens module.', 3, 0.75, 'learning-modules/9ca32d4f-f00b-5dab-872f-e390fde8f638/lessons/2939ada3-f0c9-5f50-9d2d-fe65b29b772a-03-storybook-components.md', '03-storybook-components.md', 'd7d6a9dae6552c36fb561de5e3082f9c5e9f1a70d55801b70c443df29b8fd615', 849, 'failed', 'Seeded markdown is available in local storage; enable AI embeddings and reindex to build RAG chunks.'),
('8e4be983-be7f-580e-a386-2b3c41a4f344'::uuid, 'a3c16f2e-4804-5461-8891-41324b2891e6'::uuid, 'Values, Variables, and Types', 'values-variables-and-types', 'JavaScript programs work by storing values, naming them with variables, and applying operations based on type. Understanding types early makes later topics like arrays, objects, DOM events, and API responses much easier.', 1, 0.75, 'learning-modules/a3c16f2e-4804-5461-8891-41324b2891e6/lessons/8e4be983-be7f-580e-a386-2b3c41a4f344-01-values-variables-and-types.md', '01-values-variables-and-types.md', '5c04250e99c942bca298d65bb4089f6fb180d72490347a1a17f72f94eae0ac90', 3156, 'failed', 'Seeded markdown is available in local storage; enable AI embeddings and reindex to build RAG chunks.'),
('b4606be2-861d-5039-81a2-724fced242a4'::uuid, 'a3c16f2e-4804-5461-8891-41324b2891e6'::uuid, 'Control Flow and Functions', 'control-flow-and-functions', 'Python control flow uses readable keywords and indentation to branch and repeat work. Functions group reusable logic and make programs easier to test.', 2, 0.75, 'learning-modules/a3c16f2e-4804-5461-8891-41324b2891e6/lessons/b4606be2-861d-5039-81a2-724fced242a4-02-control-flow-and-functions.md', '02-control-flow-and-functions.md', '8db6a000308fe1259f59e868b72836a48d8e4fa45989218c2bbc4e6111caf463', 2626, 'failed', 'Seeded markdown is available in local storage; enable AI embeddings and reindex to build RAG chunks.'),
('d95311f4-5b36-5644-86a3-b104dda2700e'::uuid, 'a3c16f2e-4804-5461-8891-41324b2891e6'::uuid, 'Arrays and Objects', 'arrays-and-objects', 'Most JavaScript applications manage collections of structured data. Arrays represent ordered lists. Objects represent named properties. Together, they model API responses, UI state, form data, and domain objects.', 3, 0.75, 'learning-modules/a3c16f2e-4804-5461-8891-41324b2891e6/lessons/d95311f4-5b36-5644-86a3-b104dda2700e-03-arrays-and-objects.md', '03-arrays-and-objects.md', 'cb3e292f9479d7010a90129c5fcea933f9672c73b5c97d8e1a549e8b5347b02e', 3047, 'failed', 'Seeded markdown is available in local storage; enable AI embeddings and reindex to build RAG chunks.'),
('1d176552-37c7-5491-8535-81e0a96cadac'::uuid, 'a3c16f2e-4804-5461-8891-41324b2891e6'::uuid, 'DOM, Events, and Errors', 'dom-events-and-errors', 'The DOM is the browser representation of an HTML document. JavaScript can read and update the DOM, then react to user actions through events. Error handling helps the interface fail gracefully when something goes wrong.', 4, 0.75, 'learning-modules/a3c16f2e-4804-5461-8891-41324b2891e6/lessons/1d176552-37c7-5491-8535-81e0a96cadac-04-dom-events-and-errors.md', '04-dom-events-and-errors.md', '70d7daa610dba6155257ec6ef71ffb8dcc03ae749e8616f5466a9757b192c60d', 2883, 'failed', 'Seeded markdown is available in local storage; enable AI embeddings and reindex to build RAG chunks.'),
('44ac67bb-ee8e-5eb3-a953-1f225b6aee4a'::uuid, 'ad119a01-d183-573a-92f7-78aa41d0fb55'::uuid, 'Browser Storage Basics', 'browser-storage-basics', 'Practice Browser Storage Basics as part of the Browser JavaScript APIs module.', 1, 0.75, 'learning-modules/ad119a01-d183-573a-92f7-78aa41d0fb55/lessons/44ac67bb-ee8e-5eb3-a953-1f225b6aee4a-01-browser-storage.md', '01-browser-storage.md', '536ea85dc1bd77ac8adbccb5f426b5b907ed3140a97aea21502b7e2d6310e597', 804, 'failed', 'Seeded markdown is available in local storage; enable AI embeddings and reindex to build RAG chunks.'),
('984c9672-de56-54ce-8695-5a30f47ca9ce'::uuid, 'ad119a01-d183-573a-92f7-78aa41d0fb55'::uuid, 'DOM Manipulation', 'dom-manipulation', 'Practice DOM Manipulation as part of the Browser JavaScript APIs module.', 2, 0.75, 'learning-modules/ad119a01-d183-573a-92f7-78aa41d0fb55/lessons/984c9672-de56-54ce-8695-5a30f47ca9ce-02-dom-manipulation.md', '02-dom-manipulation.md', 'ac5f23f44d00bc866278a9cb30d7881cf721963275f5043eea381ce043b377f2', 792, 'failed', 'Seeded markdown is available in local storage; enable AI embeddings and reindex to build RAG chunks.'),
('9cde4b6d-6454-5b0d-a0f0-50d035d1651b'::uuid, 'ad119a01-d183-573a-92f7-78aa41d0fb55'::uuid, 'Fetch API / AJAX', 'fetch-api-ajax', 'Practice Fetch API / AJAX as part of the Browser JavaScript APIs module.', 3, 0.75, 'learning-modules/ad119a01-d183-573a-92f7-78aa41d0fb55/lessons/9cde4b6d-6454-5b0d-a0f0-50d035d1651b-03-fetch-api-ajax.md', '03-fetch-api-ajax.md', 'df8a15dbeb364d4b05f48a2c217204b1abb5bf8978834e0a6ddc345d29ab2b27', 792, 'failed', 'Seeded markdown is available in local storage; enable AI embeddings and reindex to build RAG chunks.'),
('546efa42-789b-54d4-86ad-7443bd173c36'::uuid, 'ad119a01-d183-573a-92f7-78aa41d0fb55'::uuid, 'Shadow DOM', 'shadow-dom', 'Practice Shadow DOM as part of the Browser JavaScript APIs module.', 4, 0.75, 'learning-modules/ad119a01-d183-573a-92f7-78aa41d0fb55/lessons/546efa42-789b-54d4-86ad-7443bd173c36-04-shadow-dom.md', '04-shadow-dom.md', '243e5d5864555e18e0db83a856955c297475b5083df2cf03e7e7505c92dcc60a', 780, 'failed', 'Seeded markdown is available in local storage; enable AI embeddings and reindex to build RAG chunks.'),
('0e22a617-8725-5641-bc35-a13f9274144a'::uuid, 'ae029b53-d049-5612-8990-c482315c0312'::uuid, 'Authentication Strategies', 'authentication-strategies', 'Practice Authentication Strategies as part of the Frontend Auth Security module.', 1, 0.75, 'learning-modules/ae029b53-d049-5612-8990-c482315c0312/lessons/0e22a617-8725-5641-bc35-a13f9274144a-01-auth-strategies.md', '01-auth-strategies.md', '5ada345f0aa1296f3a8f435ce5e4d536bdfae7e1a67d65dd99e0772d3dea234b', 808, 'failed', 'Seeded markdown is available in local storage; enable AI embeddings and reindex to build RAG chunks.'),
('c089f7d9-ee00-52fd-9f13-f1cc5e9c4fb8'::uuid, 'ae029b53-d049-5612-8990-c482315c0312'::uuid, 'JWT, OAuth, and SSO', 'jwt-oauth-and-sso', 'Practice JWT, OAuth, and SSO as part of the Frontend Auth Security module.', 2, 0.75, 'learning-modules/ae029b53-d049-5612-8990-c482315c0312/lessons/c089f7d9-ee00-52fd-9f13-f1cc5e9c4fb8-02-jwt-oauth-sso.md', '02-jwt-oauth-sso.md', 'c668a518302f80958225212c6480821232ffb39a86702d6ccfeff170f3f17e7c', 796, 'failed', 'Seeded markdown is available in local storage; enable AI embeddings and reindex to build RAG chunks.'),
('54d55dd0-70b4-592d-a7c7-b8215990183e'::uuid, 'ae029b53-d049-5612-8990-c482315c0312'::uuid, 'Required Secure Auth Frontend', 'required-secure-auth-frontend', 'Practice Required Secure Auth Frontend as part of the Frontend Auth Security module.', 3, 0.75, 'learning-modules/ae029b53-d049-5612-8990-c482315c0312/lessons/54d55dd0-70b4-592d-a7c7-b8215990183e-03-proj-secure-auth-frontend.md', '03-proj-secure-auth-frontend.md', '672900adfcf1a4aacf7bd67641f7be3d72cfdc822a792eb25ff80026f59046e3', 816, 'failed', 'Seeded markdown is available in local storage; enable AI embeddings and reindex to build RAG chunks.'),
('7c6d15f6-13d6-559c-97c9-97f81abe05fc'::uuid, 'ae029b53-d049-5612-8990-c482315c0312'::uuid, 'Protected Routes and Auth UI', 'protected-routes-and-auth-ui', 'Practice Protected Routes and Auth UI as part of the Frontend Auth Security module.', 4, 0.75, 'learning-modules/ae029b53-d049-5612-8990-c482315c0312/lessons/7c6d15f6-13d6-559c-97c9-97f81abe05fc-04-protected-routes.md', '04-protected-routes.md', '2d9dc9aeb4d9f4da9117d23bac8fcec16f59e8b8992576e42dc64273a7439fb8', 814, 'failed', 'Seeded markdown is available in local storage; enable AI embeddings and reindex to build RAG chunks.'),
('0fd8c5b3-30e4-5bc2-bace-9e3f7177aad5'::uuid, 'b51b406b-31de-59c9-858c-ff6add097034'::uuid, 'Jest and Vitest', 'jest-and-vitest', 'Practice Jest and Vitest as part of the Frontend Testing Fundamentals module.', 1, 0.75, 'learning-modules/b51b406b-31de-59c9-858c-ff6add097034/lessons/0fd8c5b3-30e4-5bc2-bace-9e3f7177aad5-01-jest-vitest.md', '01-jest-vitest.md', '7c6a0b2aafcc03de367228dc26934d7a0184f05c564dd4f5cf7cf1918a626aee', 802, 'failed', 'Seeded markdown is available in local storage; enable AI embeddings and reindex to build RAG chunks.'),
('1dd840a1-3d65-5005-937d-c4c18d6836b3'::uuid, 'b51b406b-31de-59c9-858c-ff6add097034'::uuid, 'Testing Library', 'testing-library', 'Practice Testing Library as part of the Frontend Testing Fundamentals module.', 2, 0.75, 'learning-modules/b51b406b-31de-59c9-858c-ff6add097034/lessons/1dd840a1-3d65-5005-937d-c4c18d6836b3-02-testing-library.md', '02-testing-library.md', '1782c6ab4be732b7094ffff5ec95ad1d3db7abea7fcd897bf4117732978c6d6a', 802, 'failed', 'Seeded markdown is available in local storage; enable AI embeddings and reindex to build RAG chunks.'),
('68b03668-cf0b-54fa-bcd3-e5eff49175db'::uuid, 'b51b406b-31de-59c9-858c-ff6add097034'::uuid, 'Testing Strategy', 'testing-strategy', 'Practice Testing Strategy as part of the Frontend Testing Fundamentals module.', 3, 0.75, 'learning-modules/b51b406b-31de-59c9-858c-ff6add097034/lessons/68b03668-cf0b-54fa-bcd3-e5eff49175db-03-testing-strategy.md', '03-testing-strategy.md', '37d578f53d960a9f302928abe90ea49c2c37004726ec051fb414dad41d7bd44c', 804, 'failed', 'Seeded markdown is available in local storage; enable AI embeddings and reindex to build RAG chunks.'),
('82ba6fad-627c-5fee-8a3b-b45f22662045'::uuid, 'b58a3fc2-f608-5fac-b67f-4ca5c474a0c9'::uuid, 'Final Frontend Roadmap Review Gate', 'final-frontend-roadmap-review-gate', 'Practice Final Frontend Roadmap Review Gate as part of the Portfolio and Review Readiness module.', 1, 0.75, 'learning-modules/b58a3fc2-f608-5fac-b67f-4ca5c474a0c9/lessons/82ba6fad-627c-5fee-8a3b-b45f22662045-01-gate-final-review.md', '01-gate-final-review.md', '7f98d145af0a2360c2304e3bf0d2844fb82c79b830e7419426835926259bec26', 837, 'failed', 'Seeded markdown is available in local storage; enable AI embeddings and reindex to build RAG chunks.'),
('e6e3681c-c686-55d6-8728-6a430e7662db'::uuid, 'b58a3fc2-f608-5fac-b67f-4ca5c474a0c9'::uuid, 'Portfolio Review Gate', 'portfolio-review-gate', 'Practice Portfolio Review Gate as part of the Portfolio and Review Readiness module.', 2, 0.75, 'learning-modules/b58a3fc2-f608-5fac-b67f-4ca5c474a0c9/lessons/e6e3681c-c686-55d6-8728-6a430e7662db-02-gate-portfolio-review.md', '02-gate-portfolio-review.md', '25c0c1fe31d58b56e29c89b3794599c29a63af44981d94f940075c4ce4a81833', 811, 'failed', 'Seeded markdown is available in local storage; enable AI embeddings and reindex to build RAG chunks.'),
('5997c251-e2e1-53c6-baf9-6ef627ba4d64'::uuid, 'b58a3fc2-f608-5fac-b67f-4ca5c474a0c9'::uuid, 'Portfolio Polish', 'portfolio-polish', 'Practice Portfolio Polish as part of the Portfolio and Review Readiness module.', 3, 0.75, 'learning-modules/b58a3fc2-f608-5fac-b67f-4ca5c474a0c9/lessons/5997c251-e2e1-53c6-baf9-6ef627ba4d64-03-portfolio-polish.md', '03-portfolio-polish.md', '2a14cc1e505a166edaec6fce6ff3cf174a7e66f26c89d46a442c74fa3e6cb868', 801, 'failed', 'Seeded markdown is available in local storage; enable AI embeddings and reindex to build RAG chunks.'),
('d2bd1aab-b737-5cc2-8a3c-ebb93eef74a5'::uuid, 'b58a3fc2-f608-5fac-b67f-4ca5c474a0c9'::uuid, 'Required Portfolio Final Package', 'required-portfolio-final-package', 'Practice Required Portfolio Final Package as part of the Portfolio and Review Readiness module.', 4, 0.75, 'learning-modules/b58a3fc2-f608-5fac-b67f-4ca5c474a0c9/lessons/d2bd1aab-b737-5cc2-8a3c-ebb93eef74a5-04-proj-portfolio-final-package.md', '04-proj-portfolio-final-package.md', 'c88d852d91227cf3b48d73283ecb8573dc9043127a83398d209287841fec8303', 833, 'failed', 'Seeded markdown is available in local storage; enable AI embeddings and reindex to build RAG chunks.'),
('93dc63bc-280c-576d-a123-581791ce8e00'::uuid, 'bdcb383e-6886-57f4-8816-75ee960d89b9'::uuid, 'Astro', 'astro', 'Practice Astro as part of the Static Site Generation module.', 1, 0.75, 'learning-modules/bdcb383e-6886-57f4-8816-75ee960d89b9/lessons/93dc63bc-280c-576d-a123-581791ce8e00-01-astro.md', '01-astro.md', 'a0265829f85be526e76fa7778fb926a1af7a11550660c026e07e00e2abd7de86', 768, 'failed', 'Seeded markdown is available in local storage; enable AI embeddings and reindex to build RAG chunks.'),
('f3f21fa0-af89-5cdc-9c95-b0390035d294'::uuid, 'bdcb383e-6886-57f4-8816-75ee960d89b9'::uuid, 'Eleventy', 'eleventy', 'Practice Eleventy as part of the Static Site Generation module.', 2, 0.75, 'learning-modules/bdcb383e-6886-57f4-8816-75ee960d89b9/lessons/f3f21fa0-af89-5cdc-9c95-b0390035d294-02-eleventy.md', '02-eleventy.md', '4e05f36a152d8ed8b7e78ba49f88e9e4a16c0c70a21607daaa2c0124a10fdfc7', 774, 'failed', 'Seeded markdown is available in local storage; enable AI embeddings and reindex to build RAG chunks.'),
('b9a01f35-246f-5367-a003-24e83c76f8c5'::uuid, 'bdcb383e-6886-57f4-8816-75ee960d89b9'::uuid, 'Optional Static Portfolio or Docs Site', 'optional-static-portfolio-or-docs-site', 'Practice Optional Static Portfolio or Docs Site as part of the Static Site Generation module.', 3, 0.75, 'learning-modules/bdcb383e-6886-57f4-8816-75ee960d89b9/lessons/b9a01f35-246f-5367-a003-24e83c76f8c5-03-proj-ssg-portfolio.md', '03-proj-ssg-portfolio.md', 'f13e21c51d16f009648376253fbd9d9003c17fdd7b266ac5d0abbf6db258fb5c', 834, 'failed', 'Seeded markdown is available in local storage; enable AI embeddings and reindex to build RAG chunks.'),
('3649458b-2d7e-566d-b5fd-f53f2bf1b5d0'::uuid, 'bdcb383e-6886-57f4-8816-75ee960d89b9'::uuid, 'VuePress', 'vuepress', 'Practice VuePress as part of the Static Site Generation module.', 4, 0.75, 'learning-modules/bdcb383e-6886-57f4-8816-75ee960d89b9/lessons/3649458b-2d7e-566d-b5fd-f53f2bf1b5d0-04-vuepress.md', '04-vuepress.md', '0b76bd0162e3bf4a12586b567e039c78b95cfc1f80b8d8130f77985528bdefa0', 774, 'failed', 'Seeded markdown is available in local storage; enable AI embeddings and reindex to build RAG chunks.'),
('2633774a-5a3e-5ff5-9258-494a30a38d2d'::uuid, 'c8aadeb2-ae77-54b3-95f6-6300dd31e152'::uuid, 'Component Composition', 'component-composition', 'Practice Component Composition as part of the Framework Core Concepts module.', 1, 0.75, 'learning-modules/c8aadeb2-ae77-54b3-95f6-6300dd31e152/lessons/2633774a-5a3e-5ff5-9258-494a30a38d2d-01-component-composition.md', '01-component-composition.md', '093299c92e698e5f2154788ba51172276bb2e18e87cddff574d38e1a71796026', 802, 'failed', 'Seeded markdown is available in local storage; enable AI embeddings and reindex to build RAG chunks.'),
('d1056950-aee7-576c-8661-02eea08ac813'::uuid, 'c8aadeb2-ae77-54b3-95f6-6300dd31e152'::uuid, 'Forms in Frameworks', 'forms-in-frameworks', 'Practice Forms in Frameworks as part of the Framework Core Concepts module.', 2, 0.75, 'learning-modules/c8aadeb2-ae77-54b3-95f6-6300dd31e152/lessons/d1056950-aee7-576c-8661-02eea08ac813-02-forms-in-frameworks.md', '02-forms-in-frameworks.md', 'e8e23ef26ab18d29b04eda273a39666860e177c0c3a28b5e4391ff98b4fe109b', 798, 'failed', 'Seeded markdown is available in local storage; enable AI embeddings and reindex to build RAG chunks.'),
('8b4282a1-406b-5ac9-ae22-f44ab379f7be'::uuid, 'c8aadeb2-ae77-54b3-95f6-6300dd31e152'::uuid, 'Client-Side Routing', 'client-side-routing', 'Practice Client-Side Routing as part of the Framework Core Concepts module.', 3, 0.75, 'learning-modules/c8aadeb2-ae77-54b3-95f6-6300dd31e152/lessons/8b4282a1-406b-5ac9-ae22-f44ab379f7be-03-routing-spa.md', '03-routing-spa.md', '1b93c4f64ed2075f12bbb05c55ac8dbeb1b35aee49cc5d12e5edf91ccfc0355b', 798, 'failed', 'Seeded markdown is available in local storage; enable AI embeddings and reindex to build RAG chunks.'),
('966d788d-f953-5d6e-a325-be474a8d796b'::uuid, 'c8aadeb2-ae77-54b3-95f6-6300dd31e152'::uuid, 'Server State and Client Caching', 'server-state-and-client-caching', 'Practice Server State and Client Caching as part of the Framework Core Concepts module.', 4, 0.75, 'learning-modules/c8aadeb2-ae77-54b3-95f6-6300dd31e152/lessons/966d788d-f953-5d6e-a325-be474a8d796b-04-server-state-caching.md', '04-server-state-caching.md', '7d22e78248bd3c1c6b56625037c6a8db51c14f5f50319a3e34ac3b7756bca0c5', 822, 'failed', 'Seeded markdown is available in local storage; enable AI embeddings and reindex to build RAG chunks.'),
('20df392d-aabe-551c-a848-19a71f203cb1'::uuid, 'c8aadeb2-ae77-54b3-95f6-6300dd31e152'::uuid, 'State Management', 'state-management', 'Practice State Management as part of the Framework Core Concepts module.', 5, 0.75, 'learning-modules/c8aadeb2-ae77-54b3-95f6-6300dd31e152/lessons/20df392d-aabe-551c-a848-19a71f203cb1-05-state-management.md', '05-state-management.md', '93f74905dfe4532ed50ea2c61db791277904d4189b3541ab0ec46c58d0d3abaf', 792, 'failed', 'Seeded markdown is available in local storage; enable AI embeddings and reindex to build RAG chunks.'),
('245df35c-da35-567f-8d07-c9dd1dfd5c2f'::uuid, 'c8aadeb2-ae77-54b3-95f6-6300dd31e152'::uuid, 'UI States and Empty States', 'ui-states-and-empty-states', 'Practice UI States and Empty States as part of the Framework Core Concepts module.', 6, 0.75, 'learning-modules/c8aadeb2-ae77-54b3-95f6-6300dd31e152/lessons/245df35c-da35-567f-8d07-c9dd1dfd5c2f-06-ui-state-patterns.md', '06-ui-state-patterns.md', '05ef2c07eae4729b6932066f025feaf5d33d87ba202f52e60f5ba0b6d225ed2c', 812, 'failed', 'Seeded markdown is available in local storage; enable AI embeddings and reindex to build RAG chunks.'),
('a1eedcfa-d9e2-547d-bc5e-2e3e52aa3acb'::uuid, 'd92fe510-efe6-53b4-9375-09d2687555fb'::uuid, 'BEM CSS Architecture', 'bem-css-architecture', 'Practice BEM CSS Architecture as part of the CSS Architecture and Preprocessors module.', 1, 0.75, 'learning-modules/d92fe510-efe6-53b4-9375-09d2687555fb/lessons/a1eedcfa-d9e2-547d-bc5e-2e3e52aa3acb-01-bem-css-architecture.md', '01-bem-css-architecture.md', '93b573a1f7ee406deeabf1d5abea908f82def1a6466d76b0733e49d7d5b86753', 804, 'failed', 'Seeded markdown is available in local storage; enable AI embeddings and reindex to build RAG chunks.'),
('86bbfe86-9031-52b4-80be-e8d9a3bc325a'::uuid, 'd92fe510-efe6-53b4-9375-09d2687555fb'::uuid, 'CSS Modules and CSS-in-JS', 'css-modules-and-css-in-js', 'Practice CSS Modules and CSS-in-JS as part of the CSS Architecture and Preprocessors module.', 2, 0.75, 'learning-modules/d92fe510-efe6-53b4-9375-09d2687555fb/lessons/86bbfe86-9031-52b4-80be-e8d9a3bc325a-02-css-modules-css-in-js.md', '02-css-modules-css-in-js.md', '2d258d4295b27a7867778d3f1ca399838c2b11e792ec9d5c6d22edb3462c3ffa', 814, 'failed', 'Seeded markdown is available in local storage; enable AI embeddings and reindex to build RAG chunks.'),
('cea3c32d-b455-5c41-a5e1-ea84cf8a143c'::uuid, 'd92fe510-efe6-53b4-9375-09d2687555fb'::uuid, 'Sass and PostCSS', 'sass-and-postcss', 'Practice Sass and PostCSS as part of the CSS Architecture and Preprocessors module.', 3, 0.75, 'learning-modules/d92fe510-efe6-53b4-9375-09d2687555fb/lessons/cea3c32d-b455-5c41-a5e1-ea84cf8a143c-03-sass-postcss.md', '03-sass-postcss.md', '91c15955b89b783a3f4bed3f09f84800760d68c8465d3306091126879b71a24f', 796, 'failed', 'Seeded markdown is available in local storage; enable AI embeddings and reindex to build RAG chunks.'),
('4195b918-8a28-5a95-9ece-8e0d01c7fa0c'::uuid, 'defb6904-4007-5361-b341-f163cc4b964d'::uuid, 'npm', 'npm', 'Practice npm as part of the Frontend Package Management module.', 1, 0.75, 'learning-modules/defb6904-4007-5361-b341-f163cc4b964d/lessons/4195b918-8a28-5a95-9ece-8e0d01c7fa0c-01-npm-basics.md', '01-npm-basics.md', 'dc8847bc4a9132a1ea61f6688dc124ce40720984d0619e1bc6fe1424f2879561', 774, 'failed', 'Seeded markdown is available in local storage; enable AI embeddings and reindex to build RAG chunks.'),
('c8eec834-facd-59e6-b097-b8d7febcb96d'::uuid, 'defb6904-4007-5361-b341-f163cc4b964d'::uuid, 'pnpm', 'pnpm', 'Practice pnpm as part of the Frontend Package Management module.', 2, 0.75, 'learning-modules/defb6904-4007-5361-b341-f163cc4b964d/lessons/c8eec834-facd-59e6-b097-b8d7febcb96d-02-pnpm-basics.md', '02-pnpm-basics.md', '7fbaa40a172892b6467ffe636d9d1b23ff79ff3d88a71a2c1157f34fd6a3a3a5', 776, 'failed', 'Seeded markdown is available in local storage; enable AI embeddings and reindex to build RAG chunks.'),
('6ea0849c-4213-5c0e-9ee3-2374e2c6b3a4'::uuid, 'defb6904-4007-5361-b341-f163cc4b964d'::uuid, 'Yarn', 'yarn', 'Practice Yarn as part of the Frontend Package Management module.', 3, 0.75, 'learning-modules/defb6904-4007-5361-b341-f163cc4b964d/lessons/6ea0849c-4213-5c0e-9ee3-2374e2c6b3a4-03-yarn-basics.md', '03-yarn-basics.md', '103ce92c5d3c9d2ba12679d110027c8b27ce42fee2b91312d7a4e7701532170d', 776, 'failed', 'Seeded markdown is available in local storage; enable AI embeddings and reindex to build RAG chunks.'),
('7405079a-4229-51c9-8615-d65b3a461d39'::uuid, 'e62b9a21-8129-54d6-bd8e-4b20afeb9d00'::uuid, 'Asynchronous JavaScript', 'asynchronous-javascript', 'Practice Asynchronous JavaScript as part of the JavaScript Basics module.', 1, 0.75, 'learning-modules/e62b9a21-8129-54d6-bd8e-4b20afeb9d00/lessons/7405079a-4229-51c9-8615-d65b3a461d39-01-async-javascript.md', '01-async-javascript.md', '6e16198e4b23eb58a916d2e3aa716057dc383196010493e7bdf2772d878e2405', 787, 'failed', 'Seeded markdown is available in local storage; enable AI embeddings and reindex to build RAG chunks.'),
('c617c803-c122-5f9a-bd74-15c0645afd31'::uuid, 'e62b9a21-8129-54d6-bd8e-4b20afeb9d00'::uuid, 'JavaScript Basics', 'javascript-basics', 'Practice JavaScript Basics as part of the JavaScript Basics module.', 2, 0.75, 'learning-modules/e62b9a21-8129-54d6-bd8e-4b20afeb9d00/lessons/c617c803-c122-5f9a-bd74-15c0645afd31-02-js-basics.md', '02-js-basics.md', 'fda32b4fc6c6f038b9bc8b06c720cdad890e0ebf6f8479f75d29e846ce087a37', 775, 'failed', 'Seeded markdown is available in local storage; enable AI embeddings and reindex to build RAG chunks.'),
('cc034c79-622a-55f7-882f-c8e76fc90ecd'::uuid, 'e62b9a21-8129-54d6-bd8e-4b20afeb9d00'::uuid, 'JavaScript Modules', 'javascript-modules', 'Practice JavaScript Modules as part of the JavaScript Basics module.', 3, 0.75, 'learning-modules/e62b9a21-8129-54d6-bd8e-4b20afeb9d00/lessons/cc034c79-622a-55f7-882f-c8e76fc90ecd-03-js-modules.md', '03-js-modules.md', 'c55a91ccba3a0c8847dda525bf3e18609cf5c41bc4c05bef77643f3a177508cc', 777, 'failed', 'Seeded markdown is available in local storage; enable AI embeddings and reindex to build RAG chunks.'),
('97d42b94-e691-5804-a75d-b34fea99b15d'::uuid, 'e969b5ec-237b-53d3-bc98-46d851e3bab5'::uuid, 'Tailwind CSS', 'tailwind-css', 'Practice Tailwind CSS as part of the Tailwind CSS module.', 1, 0.75, 'learning-modules/e969b5ec-237b-53d3-bc98-46d851e3bab5/lessons/97d42b94-e691-5804-a75d-b34fea99b15d-01-tailwind-css.md', '01-tailwind-css.md', 'b63a202b5f8b1eed4eb35389627f5c042d56af895177a9ca69e81871c8af8e38', 762, 'failed', 'Seeded markdown is available in local storage; enable AI embeddings and reindex to build RAG chunks.'),
('b5e11104-88c9-503f-a958-bc3f07027e84'::uuid, 'e969b5ec-237b-53d3-bc98-46d851e3bab5'::uuid, 'Utility-first Workflow', 'utility-first-workflow', 'Practice Utility-first Workflow as part of the Tailwind CSS module.', 2, 0.75, 'learning-modules/e969b5ec-237b-53d3-bc98-46d851e3bab5/lessons/b5e11104-88c9-503f-a958-bc3f07027e84-02-utility-first-workflow.md', '02-utility-first-workflow.md', 'e4ccd8f641fc3e9abfeb54f7f2d5becafadb7d26c8c99cc13df248228801f3e2', 782, 'failed', 'Seeded markdown is available in local storage; enable AI embeddings and reindex to build RAG chunks.'),
('ec2b6546-bd53-56f2-a230-7fd9e77f1e87'::uuid, 'e969b5ec-237b-53d3-bc98-46d851e3bab5'::uuid, 'Component Extraction with Tailwind', 'component-extraction-with-tailwind', 'Practice Component Extraction with Tailwind as part of the Tailwind CSS module.', 3, 0.75, 'learning-modules/e969b5ec-237b-53d3-bc98-46d851e3bab5/lessons/ec2b6546-bd53-56f2-a230-7fd9e77f1e87-03-component-extraction-with-tailwind.md', '03-component-extraction-with-tailwind.md', '9064fe3dc1c67da1a79b14aefce0390726c4fbc8010811ac8f7ad620d7baae5c', 806, 'failed', 'Seeded markdown is available in local storage; enable AI embeddings and reindex to build RAG chunks.'),
('ef07842a-ec7b-5c5a-abce-5ea2cc405f12'::uuid, 'e9fde659-d45f-5ab3-b589-53e97e6db8e6'::uuid, 'Custom Elements', 'custom-elements', 'Practice Custom Elements as part of the Advanced Web Platform APIs module.', 1, 0.75, 'learning-modules/e9fde659-d45f-5ab3-b589-53e97e6db8e6/lessons/ef07842a-ec7b-5c5a-abce-5ea2cc405f12-01-custom-elements.md', '01-custom-elements.md', 'ffd0b5ab4b0d4e597088c6f7a6539dd0764380bd7b3564281ea130a592d2d737', 796, 'failed', 'Seeded markdown is available in local storage; enable AI embeddings and reindex to build RAG chunks.'),
('ca44e39e-6822-5a5f-9fc0-2e7eb79f0d84'::uuid, 'e9fde659-d45f-5ab3-b589-53e97e6db8e6'::uuid, 'PWA Fundamentals', 'pwa-fundamentals', 'Practice PWA Fundamentals as part of the Advanced Web Platform APIs module.', 2, 0.75, 'learning-modules/e9fde659-d45f-5ab3-b589-53e97e6db8e6/lessons/ca44e39e-6822-5a5f-9fc0-2e7eb79f0d84-02-pwa-fundamentals.md', '02-pwa-fundamentals.md', '71675a09673607a9c4d4556d4d5ed59c5f0687b368579346c9c5148a5fa71fb4', 798, 'failed', 'Seeded markdown is available in local storage; enable AI embeddings and reindex to build RAG chunks.'),
('94e4315a-bb8c-55f7-8f1e-8a214f051a3c'::uuid, 'e9fde659-d45f-5ab3-b589-53e97e6db8e6'::uuid, 'Service Workers', 'service-workers', 'Practice Service Workers as part of the Advanced Web Platform APIs module.', 3, 0.75, 'learning-modules/e9fde659-d45f-5ab3-b589-53e97e6db8e6/lessons/94e4315a-bb8c-55f7-8f1e-8a214f051a3c-03-service-workers.md', '03-service-workers.md', '8561829ea45b091b4383a2303ded07facdb10439869ac0852d1def894fcdd1ca', 796, 'failed', 'Seeded markdown is available in local storage; enable AI embeddings and reindex to build RAG chunks.'),
('074cb8da-e7f6-5eaa-a901-378003879dc7'::uuid, 'e9fde659-d45f-5ab3-b589-53e97e6db8e6'::uuid, 'WebSockets and Server-Sent Events', 'websockets-and-server-sent-events', 'Practice WebSockets and Server-Sent Events as part of the Advanced Web Platform APIs module.', 4, 0.75, 'learning-modules/e9fde659-d45f-5ab3-b589-53e97e6db8e6/lessons/074cb8da-e7f6-5eaa-a901-378003879dc7-04-websockets-sse.md', '04-websockets-sse.md', '2e8548f46539007742434bb7d8bb584228c3a000b5f40faab4ee9c5fa03c58bc', 832, 'failed', 'Seeded markdown is available in local storage; enable AI embeddings and reindex to build RAG chunks.'),
('c6431835-aee3-5cc2-9c20-1087556cb563'::uuid, 'ee5846b4-71b0-57da-a6fa-01e8944483dd'::uuid, 'Bitbucket', 'bitbucket', 'Practice Bitbucket as part of the Git and Repository Workflow module.', 1, 0.75, 'learning-modules/ee5846b4-71b0-57da-a6fa-01e8944483dd/lessons/c6431835-aee3-5cc2-9c20-1087556cb563-01-bitbucket-workflow.md', '01-bitbucket-workflow.md', '88d7270ab9ea92ca04f1e842d23a4861b7f07304ac3a53f871a2504d4fe0d03e', 762, 'failed', 'Seeded markdown is available in local storage; enable AI embeddings and reindex to build RAG chunks.'),
('6ee4d02a-5765-5c9a-8fda-b2d24f8ebde5'::uuid, 'ee5846b4-71b0-57da-a6fa-01e8944483dd'::uuid, 'Git Basics', 'git-basics', 'Practice Git Basics as part of the Git and Repository Workflow module.', 2, 0.75, 'learning-modules/ee5846b4-71b0-57da-a6fa-01e8944483dd/lessons/6ee4d02a-5765-5c9a-8fda-b2d24f8ebde5-02-git-basics.md', '02-git-basics.md', 'e38a0ddc24d41b39862dfd833b654bb63136792fa345f4df701908cbe8f74996', 764, 'failed', 'Seeded markdown is available in local storage; enable AI embeddings and reindex to build RAG chunks.'),
('efb570f0-8614-51b5-ba9c-1a7737e6a59d'::uuid, 'ee5846b4-71b0-57da-a6fa-01e8944483dd'::uuid, 'GitHub', 'github', 'Practice GitHub as part of the Git and Repository Workflow module.', 3, 0.75, 'learning-modules/ee5846b4-71b0-57da-a6fa-01e8944483dd/lessons/efb570f0-8614-51b5-ba9c-1a7737e6a59d-03-github-workflow.md', '03-github-workflow.md', 'f00bcee2fbf85a809428e146f7e38022dd9c927907d6d82cbe899f768613fe09', 756, 'failed', 'Seeded markdown is available in local storage; enable AI embeddings and reindex to build RAG chunks.'),
('5d0f5d21-ef5b-5d82-afd4-b3902b69cdc8'::uuid, 'ee5846b4-71b0-57da-a6fa-01e8944483dd'::uuid, 'GitLab', 'gitlab', 'Practice GitLab as part of the Git and Repository Workflow module.', 4, 0.75, 'learning-modules/ee5846b4-71b0-57da-a6fa-01e8944483dd/lessons/5d0f5d21-ef5b-5d82-afd4-b3902b69cdc8-04-gitlab-workflow.md', '04-gitlab-workflow.md', '4c9263eb46881879d443bf190fc1b6da2b8f9e309ecef3bc4df7722dc8e6eee4', 756, 'failed', 'Seeded markdown is available in local storage; enable AI embeddings and reindex to build RAG chunks.'),
('b717f101-267c-5eb4-a8d0-55b624e1e4c3'::uuid, 'f457feef-4602-5962-afaa-bf3cc9c6bd7b'::uuid, 'CORS and HTTPS', 'cors-and-https', 'Practice CORS and HTTPS as part of the HTTP and Browser Networking module.', 1, 0.75, 'learning-modules/f457feef-4602-5962-afaa-bf3cc9c6bd7b/lessons/b717f101-267c-5eb4-a8d0-55b624e1e4c3-01-cors-https.md', '01-cors-https.md', '5298a2d1157847bf1966ef53f1c5f49b143af609393e0844096f653ac8b360c4', 773, 'failed', 'Seeded markdown is available in local storage; enable AI embeddings and reindex to build RAG chunks.'),
('8a8d6e18-444b-5d78-9ba0-3fad78de410a'::uuid, 'f457feef-4602-5962-afaa-bf3cc9c6bd7b'::uuid, 'HTTP Fundamentals', 'http-fundamentals', 'Practice HTTP Fundamentals as part of the HTTP and Browser Networking module.', 2, 0.75, 'learning-modules/f457feef-4602-5962-afaa-bf3cc9c6bd7b/lessons/8a8d6e18-444b-5d78-9ba0-3fad78de410a-02-http-fundamentals.md', '02-http-fundamentals.md', 'b142c4364d9b67869920448fe96d781c1be7214dcc814772beddbdc2137ae4be', 779, 'failed', 'Seeded markdown is available in local storage; enable AI embeddings and reindex to build RAG chunks.'),
('30dd1c77-305a-5bd6-974f-194b82831869'::uuid, 'f457feef-4602-5962-afaa-bf3cc9c6bd7b'::uuid, 'HTTPS and Certificates', 'https-and-certificates', 'Practice HTTPS and Certificates as part of the HTTP and Browser Networking module.', 3, 0.75, 'learning-modules/f457feef-4602-5962-afaa-bf3cc9c6bd7b/lessons/30dd1c77-305a-5bd6-974f-194b82831869-03-https-certificates.md', '03-https-certificates.md', '547e793827d6a0452cc0a1bbf8a14e85732a04cdff7a2b2cb14dd44bf79f7646', 789, 'failed', 'Seeded markdown is available in local storage; enable AI embeddings and reindex to build RAG chunks.'),
('fbe3a6ec-150d-52da-a67f-5f11b23e0212'::uuid, 'f7189e57-1e38-5279-8da2-8180e964febf'::uuid, 'Required Accessible Signup Page', 'required-accessible-signup-page', 'Practice Required Accessible Signup Page as part of the Frontend Project Deliverables module.', 1, 0.75, 'learning-modules/f7189e57-1e38-5279-8da2-8180e964febf/lessons/fbe3a6ec-150d-52da-a67f-5f11b23e0212-01-proj-accessible-form-page.md', '01-proj-accessible-form-page.md', 'c8bda775df446b679daa971ee3d57caaa9e97486d9d62436c565c443cfb061de', 834, 'failed', 'Seeded markdown is available in local storage; enable AI embeddings and reindex to build RAG chunks.'),
('86d32225-903b-58a5-8e5f-e26a442de4b4'::uuid, 'f7189e57-1e38-5279-8da2-8180e964febf'::uuid, 'Optional Component Library Slice', 'optional-component-library-slice', 'Practice Optional Component Library Slice as part of the Frontend Project Deliverables module.', 2, 0.75, 'learning-modules/f7189e57-1e38-5279-8da2-8180e964febf/lessons/86d32225-903b-58a5-8e5f-e26a442de4b4-02-proj-component-library.md', '02-proj-component-library.md', '2b15e2152e44c810b0ace29ce2d2f48cd5971f3256197004f16332db91fafbaa', 836, 'failed', 'Seeded markdown is available in local storage; enable AI embeddings and reindex to build RAG chunks.'),
('b38d5bb4-5577-52ac-abf1-d0cdefb5d51d'::uuid, 'f7189e57-1e38-5279-8da2-8180e964febf'::uuid, 'Optional Frontend PR Workflow', 'optional-frontend-pr-workflow', 'Practice Optional Frontend PR Workflow as part of the Frontend Project Deliverables module.', 3, 0.75, 'learning-modules/f7189e57-1e38-5279-8da2-8180e964febf/lessons/b38d5bb4-5577-52ac-abf1-d0cdefb5d51d-03-proj-github-frontend-workflow.md', '03-proj-github-frontend-workflow.md', '0feba5c9f0c6b1b97eccfc3f0119431982f8f160295646340762e23b8cfc95d2', 830, 'failed', 'Seeded markdown is available in local storage; enable AI embeddings and reindex to build RAG chunks.'),
('a074d9e0-8596-56dd-b44b-65f523411256'::uuid, 'f7189e57-1e38-5279-8da2-8180e964febf'::uuid, 'Optional Network Debugging Notes', 'optional-network-debugging-notes', 'Practice Optional Network Debugging Notes as part of the Frontend Project Deliverables module.', 4, 0.75, 'learning-modules/f7189e57-1e38-5279-8da2-8180e964febf/lessons/a074d9e0-8596-56dd-b44b-65f523411256-04-proj-network-debugger.md', '04-proj-network-debugger.md', '070bedf1271770b420da732379953e45dc3b88270b06108fe8bbefc852ae27cd', 836, 'failed', 'Seeded markdown is available in local storage; enable AI embeddings and reindex to build RAG chunks.'),
('59004bca-d6ff-546d-88a5-cd9e6c460c76'::uuid, 'f7189e57-1e38-5279-8da2-8180e964febf'::uuid, 'Required Responsive Landing Page', 'required-responsive-landing-page', 'Practice Required Responsive Landing Page as part of the Frontend Project Deliverables module.', 5, 0.75, 'learning-modules/f7189e57-1e38-5279-8da2-8180e964febf/lessons/59004bca-d6ff-546d-88a5-cd9e6c460c76-05-proj-responsive-landing-page.md', '05-proj-responsive-landing-page.md', 'bc0357e670305c2e45488c01c9e5efa7223a2279824e1ae19ffe20daa367710c', 836, 'failed', 'Seeded markdown is available in local storage; enable AI embeddings and reindex to build RAG chunks.'),
('205ef01f-fb65-5950-8723-564e8f28e4ad'::uuid, 'f7189e57-1e38-5279-8da2-8180e964febf'::uuid, 'Required Vanilla JavaScript App', 'required-vanilla-javascript-app', 'Practice Required Vanilla JavaScript App as part of the Frontend Project Deliverables module.', 6, 0.75, 'learning-modules/f7189e57-1e38-5279-8da2-8180e964febf/lessons/205ef01f-fb65-5950-8723-564e8f28e4ad-06-proj-vanilla-js-app.md', '06-proj-vanilla-js-app.md', '26e77dfb8f1082ba73996664526b32178313d1115502275d7382ee28b03e7626', 834, 'failed', 'Seeded markdown is available in local storage; enable AI embeddings and reindex to build RAG chunks.'),
('8e0cd046-5c14-537a-b48d-3c0758fd09b7'::uuid, 'fd92b0ea-f764-5b38-beb9-cdde9b08c42a'::uuid, 'Python Syntax and Values', 'python-syntax-and-values', 'Python emphasizes readable syntax, indentation, and expressive built-in types. This lesson introduces the basic structure of Python code and the values most beginner programs use.', 1, 0.75, 'learning-modules/fd92b0ea-f764-5b38-beb9-cdde9b08c42a/lessons/8e0cd046-5c14-537a-b48d-3c0758fd09b7-01-python-syntax-and-values.md', '01-python-syntax-and-values.md', '8bc51b4a041022ff6654c49ffa41582bbbde3f031604d1de889c65c2b9d9ca31', 2740, 'failed', 'Seeded markdown is available in local storage; enable AI embeddings and reindex to build RAG chunks.'),
('9bed0eb2-effe-5a0e-9004-aba3b795d9f8'::uuid, 'fd92b0ea-f764-5b38-beb9-cdde9b08c42a'::uuid, 'Control Flow and Functions', 'control-flow-and-functions', 'Python control flow uses readable keywords and indentation to branch and repeat work. Functions group reusable logic and make programs easier to test.', 2, 0.75, 'learning-modules/fd92b0ea-f764-5b38-beb9-cdde9b08c42a/lessons/9bed0eb2-effe-5a0e-9004-aba3b795d9f8-02-control-flow-and-functions.md', '02-control-flow-and-functions.md', '8db6a000308fe1259f59e868b72836a48d8e4fa45989218c2bbc4e6111caf463', 2626, 'failed', 'Seeded markdown is available in local storage; enable AI embeddings and reindex to build RAG chunks.'),
('331d4652-6807-5289-a17e-a8287992dfd4'::uuid, 'fd92b0ea-f764-5b38-beb9-cdde9b08c42a'::uuid, 'Lists, Dictionaries, and Tuples', 'lists-dictionaries-and-tuples', 'Python provides expressive collection types for organizing data. Lists hold ordered, changeable sequences. Dictionaries map keys to values. Tuples hold ordered values that are usually treated as fixed.', 3, 0.75, 'learning-modules/fd92b0ea-f764-5b38-beb9-cdde9b08c42a/lessons/331d4652-6807-5289-a17e-a8287992dfd4-03-lists-dictionaries-and-tuples.md', '03-lists-dictionaries-and-tuples.md', 'd5fc6066ad2f5c7991978297460364ecbb2251dcad93909b5277bd9fda6c55e0', 2769, 'failed', 'Seeded markdown is available in local storage; enable AI embeddings and reindex to build RAG chunks.'),
('7cc75357-09da-5aba-ab64-1d11d3a434bf'::uuid, 'fd92b0ea-f764-5b38-beb9-cdde9b08c42a'::uuid, 'Files, Modules, and Exceptions', 'files-modules-and-exceptions', 'Python programs often need to read files, split code across modules, and handle errors. These features turn small scripts into maintainable programs that can interact with external data safely.', 4, 0.75, 'learning-modules/fd92b0ea-f764-5b38-beb9-cdde9b08c42a/lessons/7cc75357-09da-5aba-ab64-1d11d3a434bf-04-files-modules-and-exceptions.md', '04-files-modules-and-exceptions.md', '3782bdf83b94c3149e384995b4452749de0a3b0662ca29a62a6f7d63250e21a4', 2745, 'failed', 'Seeded markdown is available in local storage; enable AI embeddings and reindex to build RAG chunks.');

INSERT INTO seed_learning_module_quiz
(skill_module_quiz_id, skill_module_id, title, description, passing_score_percent, max_attempts, status)
VALUES
('82747eec-1dfb-5fcd-89bb-8c628e58e3a9'::uuid, '07f6aa3d-d98b-5e18-8fdb-374b775ba002'::uuid, 'Bundlers and Code Quality Checkpoint', 'Quick quiz for the seeded Bundlers and Code Quality module.', 70.00, 3, 'published'),
('89e36f31-9263-5341-ac72-b819211a0116'::uuid, '07fda1a8-f2e3-5239-b071-285816ae73ae'::uuid, 'Frontend End-to-End Testing Checkpoint', 'Quick quiz for the seeded Frontend End-to-End Testing module.', 70.00, 3, 'published'),
('987565d1-6f39-560c-9213-b64182394e1f'::uuid, '14b8dda1-9d12-59b9-9e45-1e02eceaa74b'::uuid, 'Accessibility Basics Checkpoint', 'Quick quiz for the seeded Accessibility Basics module.', 70.00, 3, 'published'),
('432ffda8-9529-5053-996f-9e0707caf153'::uuid, '1717991d-55aa-57a1-9abc-c3923f113b9e'::uuid, 'Framework Dashboard Project Checkpoint', 'Quick quiz for the seeded Framework Dashboard Project module.', 70.00, 3, 'published'),
('dd168cce-1e4f-5c13-bb55-5201e5300afa'::uuid, '17a05dcb-1778-553e-a4e6-acf1b88590a3'::uuid, 'Java Fundamentals Checkpoint', 'Quick quiz for the seeded Java Fundamentals module.', 70.00, 3, 'published'),
('26f1989a-1a60-5111-84f8-7c9df1999f66'::uuid, '1b19610a-b173-5c12-b064-1d363e19f763'::uuid, 'Browser Platform APIs Checkpoint', 'Quick quiz for the seeded Browser Platform APIs module.', 70.00, 3, 'published'),
('cde68de0-d16f-5fb6-ba2d-427eac51b2f4'::uuid, '1b3074cc-3d00-52b3-a482-1bd9bfda7c0c'::uuid, 'SEO Basics Checkpoint', 'Quick quiz for the seeded SEO Basics module.', 70.00, 3, 'published'),
('51fef67a-4550-583a-b0d7-41d4b2f012cc'::uuid, '25360bc9-9b5d-5ff2-b66d-ad926b78411e'::uuid, 'CSS Basics Checkpoint', 'Quick quiz for the seeded CSS Basics module.', 70.00, 3, 'published'),
('1008f48d-322d-5c1e-90e4-0d55b8a89d4e'::uuid, '2c6b46a1-e0c8-51e3-9717-b8d823bc6229'::uuid, 'SQL Query Foundations Checkpoint', 'Quick quiz for the seeded SQL Query Foundations module.', 70.00, 3, 'published'),
('f123b1f5-1676-566b-9a3e-9fd763dc7e91'::uuid, '309ca7c0-cf78-5468-a673-f78bda964872'::uuid, 'TypeScript and Vite Tooling Checkpoint', 'Quick quiz for the seeded TypeScript and Vite Tooling module.', 70.00, 3, 'published'),
('3e2824a9-ef21-5f5a-9d86-ba0624b999b6'::uuid, '3bf19812-9259-5b34-bb9d-876bb4f8ddef'::uuid, 'Frontend Project Foundations Checkpoint', 'Quick quiz for the seeded Frontend Project Foundations module.', 70.00, 3, 'published'),
('144eed41-f372-5c38-9f8d-4843a00fae60'::uuid, '567c45f5-4fa5-5e93-8800-3aa834b8fe8c'::uuid, 'Internet Fundamentals Checkpoint', 'Quick quiz for the seeded Internet Fundamentals module.', 70.00, 3, 'published'),
('ebd0aa49-07b8-5f63-8405-83f062076004'::uuid, '56a172e0-ec97-5983-8144-a525e552ef91'::uuid, 'GraphQL and Client Data Checkpoint', 'Quick quiz for the seeded GraphQL and Client Data module.', 70.00, 3, 'published'),
('71944616-31e7-58dc-9603-c18ba16384cc'::uuid, '5b759437-593c-5429-9f0a-8b7ce0da6416'::uuid, 'Rendering and Hydration Concepts Checkpoint', 'Quick quiz for the seeded Rendering and Hydration Concepts module.', 70.00, 3, 'published'),
('8bfbdf0c-d3d3-5c96-8eba-c6607f230662'::uuid, '6434de41-6bf7-58df-9ab7-e40ba98a9160'::uuid, 'Performance Optimization Checkpoint', 'Quick quiz for the seeded Performance Optimization module.', 70.00, 3, 'published'),
('e5e17748-4cb4-5719-b57d-a42888bcdd30'::uuid, '64e3e0b4-217c-52b7-8fc9-52cddff71499'::uuid, 'CSS Fundamentals Checkpoint', 'Quick quiz for the seeded CSS Fundamentals module.', 70.00, 3, 'published'),
('3bb17679-eb32-5dc1-85a2-1fb957e7363c'::uuid, '6fd3a4ce-0a31-56be-a982-c67e7dd75f49'::uuid, 'Frontend Web Security Checkpoint', 'Quick quiz for the seeded Frontend Web Security module.', 70.00, 3, 'published'),
('fa35e803-2589-5be1-b6e6-c92c13efafbd'::uuid, '7337055f-07bd-5240-83ec-0296a29378c0'::uuid, 'HTML Basics Checkpoint', 'Quick quiz for the seeded HTML Basics module.', 70.00, 3, 'published'),
('43a01545-14b4-5a5c-afb5-0b6802d5b99a'::uuid, '773ad089-8e61-5850-afa4-8cafd371acbf'::uuid, 'C# Fundamentals Checkpoint', 'Quick quiz for the seeded C# Fundamentals module.', 70.00, 3, 'published'),
('b135eb65-4340-5600-a4ff-0fe810c0ef5e'::uuid, '7a0131cd-762f-50b4-a812-3fe4318bb955'::uuid, 'Performance Measurement Checkpoint', 'Quick quiz for the seeded Performance Measurement module.', 70.00, 3, 'published'),
('af7c6103-dda2-5791-bca4-8e2eb035141c'::uuid, '86d77061-3414-500b-bc93-f6469dce806b'::uuid, 'Git Fundamentals Checkpoint', 'Quick quiz for the seeded Git Fundamentals module.', 70.00, 3, 'published'),
('649b4490-69d2-5366-af1c-18add093da89'::uuid, '899103ff-e1e4-507d-a999-fe675cba4362'::uuid, 'Frontend Capstone Work Checkpoint', 'Quick quiz for the seeded Frontend Capstone Work module.', 70.00, 3, 'published'),
('5a7e8d19-a765-5310-8b17-385e89dc8d9e'::uuid, '89d8f797-159a-56f4-9158-9af3c24cf2ed'::uuid, 'Mobile and Desktop Frontend Checkpoint', 'Quick quiz for the seeded Mobile and Desktop Frontend module.', 70.00, 3, 'published'),
('0aa1ad27-29b9-5958-a40e-e84043cfa9c2'::uuid, '8ce0ddf3-172f-5fe6-b6a6-220a64f34a82'::uuid, 'TypeScript Fundamentals Checkpoint', 'Quick quiz for the seeded TypeScript Fundamentals module.', 70.00, 3, 'published'),
('5b9d54b1-0001-5b09-b064-ec46e7b2f7d6'::uuid, '91eeb28c-820b-51a1-82a8-453abeddbe6b'::uuid, 'Framework Ecosystem Choices Checkpoint', 'Quick quiz for the seeded Framework Ecosystem Choices module.', 70.00, 3, 'published'),
('c3399e3d-1f4a-5d0f-8b9a-fe41e98fa64a'::uuid, '924372f8-e872-57cb-a42d-63bcc74b33fc'::uuid, 'HTML Fundamentals Checkpoint', 'Quick quiz for the seeded HTML Fundamentals module.', 70.00, 3, 'published'),
('26296267-92ca-5594-869a-f7295e8e9881'::uuid, '958ceb47-929c-5d95-8d26-6407b2c4a292'::uuid, 'Frontend Deployment and Operations Checkpoint', 'Quick quiz for the seeded Frontend Deployment and Operations module.', 70.00, 3, 'published'),
('cb02e8ff-db1a-5c5d-9dfe-6e94f04e29da'::uuid, '9ca32d4f-f00b-5dab-872f-e390fde8f638'::uuid, 'Component Systems and Design Tokens Checkpoint', 'Quick quiz for the seeded Component Systems and Design Tokens module.', 70.00, 3, 'published'),
('6697d2c0-31a6-53f3-aa34-2c907228f995'::uuid, 'a3c16f2e-4804-5461-8891-41324b2891e6'::uuid, 'JavaScript Fundamentals Checkpoint', 'Quick quiz for the seeded JavaScript Fundamentals module.', 70.00, 3, 'published'),
('db39e10a-68c0-54c6-8092-bdf72e161f3c'::uuid, 'ad119a01-d183-573a-92f7-78aa41d0fb55'::uuid, 'Browser JavaScript APIs Checkpoint', 'Quick quiz for the seeded Browser JavaScript APIs module.', 70.00, 3, 'published'),
('d6956c53-73e3-54f5-96d6-c3fbc3ca939b'::uuid, 'ae029b53-d049-5612-8990-c482315c0312'::uuid, 'Frontend Auth Security Checkpoint', 'Quick quiz for the seeded Frontend Auth Security module.', 70.00, 3, 'published'),
('c336c28b-e3f3-5408-a0c4-e99bc894915e'::uuid, 'b51b406b-31de-59c9-858c-ff6add097034'::uuid, 'Frontend Testing Fundamentals Checkpoint', 'Quick quiz for the seeded Frontend Testing Fundamentals module.', 70.00, 3, 'published'),
('157db135-8874-51fb-9570-2ec2dd103fa7'::uuid, 'b58a3fc2-f608-5fac-b67f-4ca5c474a0c9'::uuid, 'Portfolio and Review Readiness Checkpoint', 'Quick quiz for the seeded Portfolio and Review Readiness module.', 70.00, 3, 'published'),
('ab59b53c-8629-51a1-a116-aac3ddf0aa83'::uuid, 'bdcb383e-6886-57f4-8816-75ee960d89b9'::uuid, 'Static Site Generation Checkpoint', 'Quick quiz for the seeded Static Site Generation module.', 70.00, 3, 'published'),
('5f76a4df-ef50-5a19-8c23-79e565cdb72e'::uuid, 'c8aadeb2-ae77-54b3-95f6-6300dd31e152'::uuid, 'Framework Core Concepts Checkpoint', 'Quick quiz for the seeded Framework Core Concepts module.', 70.00, 3, 'published'),
('4db788e0-1573-5e0b-898c-37ac1ea6e33d'::uuid, 'd92fe510-efe6-53b4-9375-09d2687555fb'::uuid, 'CSS Architecture and Preprocessors Checkpoint', 'Quick quiz for the seeded CSS Architecture and Preprocessors module.', 70.00, 3, 'published'),
('43ea8c3c-2f61-5026-93fd-7982d6d12137'::uuid, 'defb6904-4007-5361-b341-f163cc4b964d'::uuid, 'Frontend Package Management Checkpoint', 'Quick quiz for the seeded Frontend Package Management module.', 70.00, 3, 'published'),
('c0bce4db-00db-5668-a444-c96fe32c8ef6'::uuid, 'e62b9a21-8129-54d6-bd8e-4b20afeb9d00'::uuid, 'JavaScript Basics Checkpoint', 'Quick quiz for the seeded JavaScript Basics module.', 70.00, 3, 'published'),
('15777292-9f98-5cb7-8f3b-d19334ce230a'::uuid, 'e969b5ec-237b-53d3-bc98-46d851e3bab5'::uuid, 'Tailwind CSS Checkpoint', 'Quick quiz for the seeded Tailwind CSS module.', 70.00, 3, 'published'),
('6919b575-1412-5530-8811-1946a37f670c'::uuid, 'e9fde659-d45f-5ab3-b589-53e97e6db8e6'::uuid, 'Advanced Web Platform APIs Checkpoint', 'Quick quiz for the seeded Advanced Web Platform APIs module.', 70.00, 3, 'published'),
('057d09d7-44f2-51cd-b7e9-e480e7a4bc4c'::uuid, 'ee5846b4-71b0-57da-a6fa-01e8944483dd'::uuid, 'Git and Repository Workflow Checkpoint', 'Quick quiz for the seeded Git and Repository Workflow module.', 70.00, 3, 'published'),
('3f743877-0738-5fc1-b102-0c7ad10c8974'::uuid, 'f457feef-4602-5962-afaa-bf3cc9c6bd7b'::uuid, 'HTTP and Browser Networking Checkpoint', 'Quick quiz for the seeded HTTP and Browser Networking module.', 70.00, 3, 'published'),
('f0f7f14e-ed4a-5776-adc2-0e50d7b704e6'::uuid, 'f7189e57-1e38-5279-8da2-8180e964febf'::uuid, 'Frontend Project Deliverables Checkpoint', 'Quick quiz for the seeded Frontend Project Deliverables module.', 70.00, 3, 'published'),
('84197603-b509-59cf-a524-362f863be7be'::uuid, 'fd92b0ea-f764-5b38-beb9-cdde9b08c42a'::uuid, 'Python Fundamentals Checkpoint', 'Quick quiz for the seeded Python Fundamentals module.', 70.00, 3, 'published');

INSERT INTO seed_learning_module_quiz_question
(skill_module_quiz_question_id, skill_module_id, question_text, question_type, explanation, order_index, points)
VALUES
('925b246f-c03a-553a-8c05-ba9287efac9d'::uuid, '07f6aa3d-d98b-5e18-8fdb-374b775ba002'::uuid, 'What is the primary skill focus of the Bundlers and Code Quality module?', 'single_choice', 'This module is seeded for the frontend-bundlers-code-quality skill.', 1, 1),
('7c68f4bb-5a6a-597b-b945-9c983b9ce0f7'::uuid, '07f6aa3d-d98b-5e18-8fdb-374b775ba002'::uuid, 'What is the best evidence that you completed Bundlers and Code Quality thoughtfully?', 'single_choice', 'The platform expects applied notes or a small artifact, not only passive reading.', 2, 1),
('fd2315d9-a8ca-5bc6-84b8-c8d2c435b2ac'::uuid, '07fda1a8-f2e3-5239-b071-285816ae73ae'::uuid, 'What is the primary skill focus of the Frontend End-to-End Testing module?', 'single_choice', 'This module is seeded for the frontend-e2e-testing skill.', 1, 1),
('d2c721dc-8b82-531b-8ea7-153dc712aa22'::uuid, '07fda1a8-f2e3-5239-b071-285816ae73ae'::uuid, 'What is the best evidence that you completed Frontend End-to-End Testing thoughtfully?', 'single_choice', 'The platform expects applied notes or a small artifact, not only passive reading.', 2, 1),
('207704a4-359a-5b36-955c-57eca0a8fab0'::uuid, '14b8dda1-9d12-59b9-9e45-1e02eceaa74b'::uuid, 'What is the primary skill focus of the Accessibility Basics module?', 'single_choice', 'This module is seeded for the accessibility skill.', 1, 1),
('8eb026dd-0011-5a78-8179-513b71e3b508'::uuid, '14b8dda1-9d12-59b9-9e45-1e02eceaa74b'::uuid, 'What is the best evidence that you completed Accessibility Basics thoughtfully?', 'single_choice', 'The platform expects applied notes or a small artifact, not only passive reading.', 2, 1),
('7cb20a33-0ed0-50a5-9a65-0e0454e73f5a'::uuid, '1717991d-55aa-57a1-9abc-c3923f113b9e'::uuid, 'What is the primary skill focus of the Framework Dashboard Project module?', 'single_choice', 'This module is seeded for the frontend-framework-projects skill.', 1, 1),
('bf434e2d-e9d5-5ec3-809d-30b74eb13290'::uuid, '1717991d-55aa-57a1-9abc-c3923f113b9e'::uuid, 'What is the best evidence that you completed Framework Dashboard Project thoughtfully?', 'single_choice', 'The platform expects applied notes or a small artifact, not only passive reading.', 2, 1),
('935ea055-2755-5d64-a016-815997c29da2'::uuid, '17a05dcb-1778-553e-a4e6-acf1b88590a3'::uuid, 'What is the primary skill focus of the Java Fundamentals module?', 'single_choice', 'This module is seeded for the java skill.', 1, 1),
('65f46ff0-d17f-5614-a453-862729f673ee'::uuid, '17a05dcb-1778-553e-a4e6-acf1b88590a3'::uuid, 'What is the best evidence that you completed Java Fundamentals thoughtfully?', 'single_choice', 'The platform expects applied notes or a small artifact, not only passive reading.', 2, 1),
('8227ba72-827c-5031-b018-5a5ef522491d'::uuid, '1b19610a-b173-5c12-b064-1d363e19f763'::uuid, 'What is the primary skill focus of the Browser Platform APIs module?', 'single_choice', 'This module is seeded for the browser-platform-apis skill.', 1, 1),
('816a40ec-825b-5b12-a8d4-a86b22cf0b01'::uuid, '1b19610a-b173-5c12-b064-1d363e19f763'::uuid, 'What is the best evidence that you completed Browser Platform APIs thoughtfully?', 'single_choice', 'The platform expects applied notes or a small artifact, not only passive reading.', 2, 1),
('93a92e01-dfc9-5da7-b7e0-4eee74fc7cc0'::uuid, '1b3074cc-3d00-52b3-a482-1bd9bfda7c0c'::uuid, 'What is the primary skill focus of the SEO Basics module?', 'single_choice', 'This module is seeded for the seo skill.', 1, 1),
('0c89dc94-b5fe-57af-a464-8cb235d46c28'::uuid, '1b3074cc-3d00-52b3-a482-1bd9bfda7c0c'::uuid, 'What is the best evidence that you completed SEO Basics thoughtfully?', 'single_choice', 'The platform expects applied notes or a small artifact, not only passive reading.', 2, 1),
('6e47eeb4-4be4-5b6d-bc11-70cfcf2312be'::uuid, '25360bc9-9b5d-5ff2-b66d-ad926b78411e'::uuid, 'What is the primary skill focus of the CSS Basics module?', 'single_choice', 'This module is seeded for the css skill.', 1, 1),
('95a07c3a-ef80-5c61-a942-f449ccc898b4'::uuid, '25360bc9-9b5d-5ff2-b66d-ad926b78411e'::uuid, 'What is the best evidence that you completed CSS Basics thoughtfully?', 'single_choice', 'The platform expects applied notes or a small artifact, not only passive reading.', 2, 1),
('c6ce852a-b247-56d4-9b05-35c1b870f914'::uuid, '2c6b46a1-e0c8-51e3-9717-b8d823bc6229'::uuid, 'What is the primary skill focus of the SQL Query Foundations module?', 'single_choice', 'This module is seeded for the sql skill.', 1, 1),
('56905719-39f4-5e47-a7c3-6a2789e383bc'::uuid, '2c6b46a1-e0c8-51e3-9717-b8d823bc6229'::uuid, 'What is the best evidence that you completed SQL Query Foundations thoughtfully?', 'single_choice', 'The platform expects applied notes or a small artifact, not only passive reading.', 2, 1),
('179a480d-9603-5139-9ac0-c28428928fa4'::uuid, '309ca7c0-cf78-5468-a673-f78bda964872'::uuid, 'What is the primary skill focus of the TypeScript and Vite Tooling module?', 'single_choice', 'This module is seeded for the typescript-vite-tooling skill.', 1, 1),
('8b78781a-6e74-52a9-a096-48ca622d343d'::uuid, '309ca7c0-cf78-5468-a673-f78bda964872'::uuid, 'What is the best evidence that you completed TypeScript and Vite Tooling thoughtfully?', 'single_choice', 'The platform expects applied notes or a small artifact, not only passive reading.', 2, 1),
('a418289c-f19a-5da0-9efe-2953570d1c9d'::uuid, '3bf19812-9259-5b34-bb9d-876bb4f8ddef'::uuid, 'What is the primary skill focus of the Frontend Project Foundations module?', 'single_choice', 'This module is seeded for the frontend-project-foundations skill.', 1, 1),
('a5ada24d-7d93-527d-a34d-ffaa4856c987'::uuid, '3bf19812-9259-5b34-bb9d-876bb4f8ddef'::uuid, 'What is the best evidence that you completed Frontend Project Foundations thoughtfully?', 'single_choice', 'The platform expects applied notes or a small artifact, not only passive reading.', 2, 1),
('05a716c9-dbe4-5ea0-91fb-6870a7372ce1'::uuid, '567c45f5-4fa5-5e93-8800-3aa834b8fe8c'::uuid, 'What is the primary skill focus of the Internet Fundamentals module?', 'single_choice', 'This module is seeded for the internet skill.', 1, 1),
('5b3da649-11c6-5fd7-82ed-3536788078ba'::uuid, '567c45f5-4fa5-5e93-8800-3aa834b8fe8c'::uuid, 'What is the best evidence that you completed Internet Fundamentals thoughtfully?', 'single_choice', 'The platform expects applied notes or a small artifact, not only passive reading.', 2, 1),
('10621dec-760d-5796-aae7-c5c8a7c9a77b'::uuid, '56a172e0-ec97-5983-8144-a525e552ef91'::uuid, 'What is the primary skill focus of the GraphQL and Client Data module?', 'single_choice', 'This module is seeded for the graphql skill.', 1, 1),
('4edfa221-4dff-56fb-a80c-0a8e75e21bd7'::uuid, '56a172e0-ec97-5983-8144-a525e552ef91'::uuid, 'What is the best evidence that you completed GraphQL and Client Data thoughtfully?', 'single_choice', 'The platform expects applied notes or a small artifact, not only passive reading.', 2, 1),
('04f6cda1-e6af-551c-85b3-d970bcf4b4aa'::uuid, '5b759437-593c-5429-9f0a-8b7ce0da6416'::uuid, 'What is the primary skill focus of the Rendering and Hydration Concepts module?', 'single_choice', 'This module is seeded for the frontend-rendering-concepts skill.', 1, 1),
('e8338ceb-af8f-5b52-91bc-9481530205a2'::uuid, '5b759437-593c-5429-9f0a-8b7ce0da6416'::uuid, 'What is the best evidence that you completed Rendering and Hydration Concepts thoughtfully?', 'single_choice', 'The platform expects applied notes or a small artifact, not only passive reading.', 2, 1),
('b8be820c-e6ed-528e-8c4a-e1a01c83ba1e'::uuid, '6434de41-6bf7-58df-9ab7-e40ba98a9160'::uuid, 'What is the primary skill focus of the Performance Optimization module?', 'single_choice', 'This module is seeded for the frontend-performance-optimization skill.', 1, 1),
('ac064c98-975d-5c0d-b08a-5ccd3e12474c'::uuid, '6434de41-6bf7-58df-9ab7-e40ba98a9160'::uuid, 'What is the best evidence that you completed Performance Optimization thoughtfully?', 'single_choice', 'The platform expects applied notes or a small artifact, not only passive reading.', 2, 1),
('fe1d7c39-cf4f-5adf-94f9-252158fe7bad'::uuid, '64e3e0b4-217c-52b7-8fc9-52cddff71499'::uuid, 'What is the primary skill focus of the CSS Fundamentals module?', 'single_choice', 'This module is seeded for the css skill.', 1, 1),
('dcc18059-1e72-5918-b452-ab359142ce0b'::uuid, '64e3e0b4-217c-52b7-8fc9-52cddff71499'::uuid, 'What is the best evidence that you completed CSS Fundamentals thoughtfully?', 'single_choice', 'The platform expects applied notes or a small artifact, not only passive reading.', 2, 1),
('237ab76f-2d45-58cc-b7e1-78ba98351874'::uuid, '6fd3a4ce-0a31-56be-a982-c67e7dd75f49'::uuid, 'What is the primary skill focus of the Frontend Web Security module?', 'single_choice', 'This module is seeded for the frontend-web-security skill.', 1, 1),
('2ec68fec-926e-522a-8e03-ce53fcee277e'::uuid, '6fd3a4ce-0a31-56be-a982-c67e7dd75f49'::uuid, 'What is the best evidence that you completed Frontend Web Security thoughtfully?', 'single_choice', 'The platform expects applied notes or a small artifact, not only passive reading.', 2, 1),
('9e3d9672-1ff6-5036-9ea8-0cd8c16bbf47'::uuid, '7337055f-07bd-5240-83ec-0296a29378c0'::uuid, 'What is the primary skill focus of the HTML Basics module?', 'single_choice', 'This module is seeded for the html skill.', 1, 1),
('521f93b4-b9a2-5083-9ae4-ba0635f64184'::uuid, '7337055f-07bd-5240-83ec-0296a29378c0'::uuid, 'What is the best evidence that you completed HTML Basics thoughtfully?', 'single_choice', 'The platform expects applied notes or a small artifact, not only passive reading.', 2, 1),
('9464cddb-65d9-5877-8eee-647793be3f2c'::uuid, '773ad089-8e61-5850-afa4-8cafd371acbf'::uuid, 'What is the primary skill focus of the C# Fundamentals module?', 'single_choice', 'This module is seeded for the csharp skill.', 1, 1),
('cb29e7be-249a-5a48-a1fd-0d7b52f0b62d'::uuid, '773ad089-8e61-5850-afa4-8cafd371acbf'::uuid, 'What is the best evidence that you completed C# Fundamentals thoughtfully?', 'single_choice', 'The platform expects applied notes or a small artifact, not only passive reading.', 2, 1),
('266de29e-a083-58b4-98b0-d425f3c031a0'::uuid, '7a0131cd-762f-50b4-a812-3fe4318bb955'::uuid, 'What is the primary skill focus of the Performance Measurement module?', 'single_choice', 'This module is seeded for the frontend-performance-measurement skill.', 1, 1),
('df17c699-6749-59a2-9684-4f43301e8af5'::uuid, '7a0131cd-762f-50b4-a812-3fe4318bb955'::uuid, 'What is the best evidence that you completed Performance Measurement thoughtfully?', 'single_choice', 'The platform expects applied notes or a small artifact, not only passive reading.', 2, 1),
('8ad8120d-d4c8-5a20-9dde-10aa63a8d90b'::uuid, '86d77061-3414-500b-bc93-f6469dce806b'::uuid, 'What is the primary skill focus of the Git Fundamentals module?', 'single_choice', 'This module is seeded for the git skill.', 1, 1),
('2caecb09-64aa-5adb-b804-28066b5392fc'::uuid, '86d77061-3414-500b-bc93-f6469dce806b'::uuid, 'What is the best evidence that you completed Git Fundamentals thoughtfully?', 'single_choice', 'The platform expects applied notes or a small artifact, not only passive reading.', 2, 1),
('29b76df6-63bc-5825-ba02-2f68e325a6f0'::uuid, '899103ff-e1e4-507d-a999-fe675cba4362'::uuid, 'What is the primary skill focus of the Frontend Capstone Work module?', 'single_choice', 'This module is seeded for the frontend-capstone-work skill.', 1, 1),
('d5051360-71c7-5a3a-9bca-386bd0fcc6ea'::uuid, '899103ff-e1e4-507d-a999-fe675cba4362'::uuid, 'What is the best evidence that you completed Frontend Capstone Work thoughtfully?', 'single_choice', 'The platform expects applied notes or a small artifact, not only passive reading.', 2, 1),
('01b8ea96-fb55-5f05-884f-43a4a3b50ba8'::uuid, '89d8f797-159a-56f4-9158-9af3c24cf2ed'::uuid, 'What is the primary skill focus of the Mobile and Desktop Frontend module?', 'single_choice', 'This module is seeded for the frontend-platform-apps skill.', 1, 1),
('fd469766-cd35-5473-b063-42e36a7df239'::uuid, '89d8f797-159a-56f4-9158-9af3c24cf2ed'::uuid, 'What is the best evidence that you completed Mobile and Desktop Frontend thoughtfully?', 'single_choice', 'The platform expects applied notes or a small artifact, not only passive reading.', 2, 1),
('a167e934-07cd-5088-b69e-583768e0958f'::uuid, '8ce0ddf3-172f-5fe6-b6a6-220a64f34a82'::uuid, 'What is the primary skill focus of the TypeScript Fundamentals module?', 'single_choice', 'This module is seeded for the typescript skill.', 1, 1),
('0202b9d3-05b8-524d-a27b-02163a423bbf'::uuid, '8ce0ddf3-172f-5fe6-b6a6-220a64f34a82'::uuid, 'What is the best evidence that you completed TypeScript Fundamentals thoughtfully?', 'single_choice', 'The platform expects applied notes or a small artifact, not only passive reading.', 2, 1),
('9bc131fd-a846-53b2-8a6e-883a12f08a87'::uuid, '91eeb28c-820b-51a1-82a8-453abeddbe6b'::uuid, 'What is the primary skill focus of the Framework Ecosystem Choices module?', 'single_choice', 'This module is seeded for the frontend-framework-ecosystem skill.', 1, 1),
('d1586955-564d-5a38-b54e-86fd53996e29'::uuid, '91eeb28c-820b-51a1-82a8-453abeddbe6b'::uuid, 'What is the best evidence that you completed Framework Ecosystem Choices thoughtfully?', 'single_choice', 'The platform expects applied notes or a small artifact, not only passive reading.', 2, 1),
('15183442-575a-5ee6-8a23-c8561f83a5be'::uuid, '924372f8-e872-57cb-a42d-63bcc74b33fc'::uuid, 'What is the primary skill focus of the HTML Fundamentals module?', 'single_choice', 'This module is seeded for the html skill.', 1, 1),
('a1b7679f-2176-5131-8bfe-c7ee5531a2b7'::uuid, '924372f8-e872-57cb-a42d-63bcc74b33fc'::uuid, 'What is the best evidence that you completed HTML Fundamentals thoughtfully?', 'single_choice', 'The platform expects applied notes or a small artifact, not only passive reading.', 2, 1),
('0a564536-61cc-5f73-a6a8-144367440203'::uuid, '958ceb47-929c-5d95-8d26-6407b2c4a292'::uuid, 'What is the primary skill focus of the Frontend Deployment and Operations module?', 'single_choice', 'This module is seeded for the frontend-deployment skill.', 1, 1),
('31246716-c99b-5c2a-9cf1-79863a6c98e1'::uuid, '958ceb47-929c-5d95-8d26-6407b2c4a292'::uuid, 'What is the best evidence that you completed Frontend Deployment and Operations thoughtfully?', 'single_choice', 'The platform expects applied notes or a small artifact, not only passive reading.', 2, 1),
('7b728df4-23c5-5d74-afd2-808427c0c5d6'::uuid, '9ca32d4f-f00b-5dab-872f-e390fde8f638'::uuid, 'What is the primary skill focus of the Component Systems and Design Tokens module?', 'single_choice', 'This module is seeded for the frontend-component-systems skill.', 1, 1),
('2395d9e0-5a21-5a42-8dd7-a5bf8ce01846'::uuid, '9ca32d4f-f00b-5dab-872f-e390fde8f638'::uuid, 'What is the best evidence that you completed Component Systems and Design Tokens thoughtfully?', 'single_choice', 'The platform expects applied notes or a small artifact, not only passive reading.', 2, 1),
('31c62c40-0f55-5321-aeb0-339bd69a89e9'::uuid, 'a3c16f2e-4804-5461-8891-41324b2891e6'::uuid, 'What is the primary skill focus of the JavaScript Fundamentals module?', 'single_choice', 'This module is seeded for the javascript skill.', 1, 1),
('56e558e0-4335-5d31-8bf6-3f4c2feee3b9'::uuid, 'a3c16f2e-4804-5461-8891-41324b2891e6'::uuid, 'What is the best evidence that you completed JavaScript Fundamentals thoughtfully?', 'single_choice', 'The platform expects applied notes or a small artifact, not only passive reading.', 2, 1),
('488ee4c4-cab8-5f24-8996-e4e926fbbf35'::uuid, 'ad119a01-d183-573a-92f7-78aa41d0fb55'::uuid, 'What is the primary skill focus of the Browser JavaScript APIs module?', 'single_choice', 'This module is seeded for the browser-javascript-apis skill.', 1, 1),
('28302d15-a602-5d40-9ea4-3c6a5d76f68d'::uuid, 'ad119a01-d183-573a-92f7-78aa41d0fb55'::uuid, 'What is the best evidence that you completed Browser JavaScript APIs thoughtfully?', 'single_choice', 'The platform expects applied notes or a small artifact, not only passive reading.', 2, 1),
('53ae558c-a62a-5a52-8959-c2be26276314'::uuid, 'ae029b53-d049-5612-8990-c482315c0312'::uuid, 'What is the primary skill focus of the Frontend Auth Security module?', 'single_choice', 'This module is seeded for the frontend-auth-security skill.', 1, 1),
('fb8c2430-28ea-5f52-9700-2b9bcaf4fa1f'::uuid, 'ae029b53-d049-5612-8990-c482315c0312'::uuid, 'What is the best evidence that you completed Frontend Auth Security thoughtfully?', 'single_choice', 'The platform expects applied notes or a small artifact, not only passive reading.', 2, 1),
('5857253e-e1cc-51e3-82fd-2b39052a6541'::uuid, 'b51b406b-31de-59c9-858c-ff6add097034'::uuid, 'What is the primary skill focus of the Frontend Testing Fundamentals module?', 'single_choice', 'This module is seeded for the frontend-testing-fundamentals skill.', 1, 1),
('77af33e2-13d9-5717-ba9f-2650add75cd6'::uuid, 'b51b406b-31de-59c9-858c-ff6add097034'::uuid, 'What is the best evidence that you completed Frontend Testing Fundamentals thoughtfully?', 'single_choice', 'The platform expects applied notes or a small artifact, not only passive reading.', 2, 1),
('563fba66-e8d4-5dc2-9805-4a076ac5d9c6'::uuid, 'b58a3fc2-f608-5fac-b67f-4ca5c474a0c9'::uuid, 'What is the primary skill focus of the Portfolio and Review Readiness module?', 'single_choice', 'This module is seeded for the frontend-portfolio-review skill.', 1, 1),
('92b771b2-027f-5b0e-9071-1f4a7819c2e3'::uuid, 'b58a3fc2-f608-5fac-b67f-4ca5c474a0c9'::uuid, 'What is the best evidence that you completed Portfolio and Review Readiness thoughtfully?', 'single_choice', 'The platform expects applied notes or a small artifact, not only passive reading.', 2, 1),
('b126d9a5-8743-5e9a-b3e6-556c9c48572e'::uuid, 'bdcb383e-6886-57f4-8816-75ee960d89b9'::uuid, 'What is the primary skill focus of the Static Site Generation module?', 'single_choice', 'This module is seeded for the static-site-generation skill.', 1, 1),
('e9db449a-a7fd-5da9-9a25-e24ab2dfacde'::uuid, 'bdcb383e-6886-57f4-8816-75ee960d89b9'::uuid, 'What is the best evidence that you completed Static Site Generation thoughtfully?', 'single_choice', 'The platform expects applied notes or a small artifact, not only passive reading.', 2, 1),
('e69045f5-8695-5ef4-8f2f-b30ffdca48d4'::uuid, 'c8aadeb2-ae77-54b3-95f6-6300dd31e152'::uuid, 'What is the primary skill focus of the Framework Core Concepts module?', 'single_choice', 'This module is seeded for the frontend-framework-core skill.', 1, 1),
('18b2dc11-de72-5e62-ba7d-558118df63f2'::uuid, 'c8aadeb2-ae77-54b3-95f6-6300dd31e152'::uuid, 'What is the best evidence that you completed Framework Core Concepts thoughtfully?', 'single_choice', 'The platform expects applied notes or a small artifact, not only passive reading.', 2, 1),
('a27e16eb-e46b-5db9-a854-78305d6ccc85'::uuid, 'd92fe510-efe6-53b4-9375-09d2687555fb'::uuid, 'What is the primary skill focus of the CSS Architecture and Preprocessors module?', 'single_choice', 'This module is seeded for the css-architecture skill.', 1, 1),
('22a802b6-b619-5532-9486-7f837835b5ae'::uuid, 'd92fe510-efe6-53b4-9375-09d2687555fb'::uuid, 'What is the best evidence that you completed CSS Architecture and Preprocessors thoughtfully?', 'single_choice', 'The platform expects applied notes or a small artifact, not only passive reading.', 2, 1),
('ed7fef62-fbe4-55c9-9920-dbbde9cbe8fb'::uuid, 'defb6904-4007-5361-b341-f163cc4b964d'::uuid, 'What is the primary skill focus of the Frontend Package Management module?', 'single_choice', 'This module is seeded for the frontend-package-management skill.', 1, 1),
('ec2c2d7e-859a-53a4-aa86-d1ca12192077'::uuid, 'defb6904-4007-5361-b341-f163cc4b964d'::uuid, 'What is the best evidence that you completed Frontend Package Management thoughtfully?', 'single_choice', 'The platform expects applied notes or a small artifact, not only passive reading.', 2, 1),
('24c59302-6e1d-5fb4-93b5-9a73939c7c26'::uuid, 'e62b9a21-8129-54d6-bd8e-4b20afeb9d00'::uuid, 'What is the primary skill focus of the JavaScript Basics module?', 'single_choice', 'This module is seeded for the javascript skill.', 1, 1),
('d8f7a976-68d1-521b-ae7a-94e3701198de'::uuid, 'e62b9a21-8129-54d6-bd8e-4b20afeb9d00'::uuid, 'What is the best evidence that you completed JavaScript Basics thoughtfully?', 'single_choice', 'The platform expects applied notes or a small artifact, not only passive reading.', 2, 1),
('d3028544-4b35-5303-a8df-11ce9dfb7704'::uuid, 'e969b5ec-237b-53d3-bc98-46d851e3bab5'::uuid, 'What is the primary skill focus of the Tailwind CSS module?', 'single_choice', 'This module is seeded for the tailwind-css skill.', 1, 1),
('2108295f-9ea3-5962-a734-5169dae7aa9d'::uuid, 'e969b5ec-237b-53d3-bc98-46d851e3bab5'::uuid, 'What is the best evidence that you completed Tailwind CSS thoughtfully?', 'single_choice', 'The platform expects applied notes or a small artifact, not only passive reading.', 2, 1),
('96b46eae-14e8-5cad-952b-27adc2dc62ca'::uuid, 'e9fde659-d45f-5ab3-b589-53e97e6db8e6'::uuid, 'What is the primary skill focus of the Advanced Web Platform APIs module?', 'single_choice', 'This module is seeded for the advanced-web-platform-apis skill.', 1, 1),
('c525cf99-a346-5d39-bcb1-eb181337c336'::uuid, 'e9fde659-d45f-5ab3-b589-53e97e6db8e6'::uuid, 'What is the best evidence that you completed Advanced Web Platform APIs thoughtfully?', 'single_choice', 'The platform expects applied notes or a small artifact, not only passive reading.', 2, 1),
('28b07a2b-0aa3-5896-8f12-bdbc2c635326'::uuid, 'ee5846b4-71b0-57da-a6fa-01e8944483dd'::uuid, 'What is the primary skill focus of the Git and Repository Workflow module?', 'single_choice', 'This module is seeded for the git skill.', 1, 1),
('23a2462f-07ca-5aed-a719-8ba844e830c5'::uuid, 'ee5846b4-71b0-57da-a6fa-01e8944483dd'::uuid, 'What is the best evidence that you completed Git and Repository Workflow thoughtfully?', 'single_choice', 'The platform expects applied notes or a small artifact, not only passive reading.', 2, 1),
('d796d1cb-3986-5879-910b-b92aaa84bc19'::uuid, 'f457feef-4602-5962-afaa-bf3cc9c6bd7b'::uuid, 'What is the primary skill focus of the HTTP and Browser Networking module?', 'single_choice', 'This module is seeded for the http skill.', 1, 1),
('5626f85a-4485-51ce-b618-ed21aa9566d0'::uuid, 'f457feef-4602-5962-afaa-bf3cc9c6bd7b'::uuid, 'What is the best evidence that you completed HTTP and Browser Networking thoughtfully?', 'single_choice', 'The platform expects applied notes or a small artifact, not only passive reading.', 2, 1),
('56b7eb3f-c4ea-51c5-94f1-97ace4c1835b'::uuid, 'f7189e57-1e38-5279-8da2-8180e964febf'::uuid, 'What is the primary skill focus of the Frontend Project Deliverables module?', 'single_choice', 'This module is seeded for the frontend-project-deliverables skill.', 1, 1),
('b00280a0-96a2-5c31-be75-4c09dc896460'::uuid, 'f7189e57-1e38-5279-8da2-8180e964febf'::uuid, 'What is the best evidence that you completed Frontend Project Deliverables thoughtfully?', 'single_choice', 'The platform expects applied notes or a small artifact, not only passive reading.', 2, 1),
('11f8432f-07fd-5a38-8054-5b323e091117'::uuid, 'fd92b0ea-f764-5b38-beb9-cdde9b08c42a'::uuid, 'What is the primary skill focus of the Python Fundamentals module?', 'single_choice', 'This module is seeded for the python skill.', 1, 1),
('2dd08387-9a01-5fb7-be75-18a2aa20c2c2'::uuid, 'fd92b0ea-f764-5b38-beb9-cdde9b08c42a'::uuid, 'What is the best evidence that you completed Python Fundamentals thoughtfully?', 'single_choice', 'The platform expects applied notes or a small artifact, not only passive reading.', 2, 1);

INSERT INTO seed_learning_module_quiz_option
(skill_module_quiz_option_id, skill_module_quiz_question_id, option_text, is_correct, explanation, order_index)
VALUES
('6023e0cc-15ed-586d-94a3-5ca74fc7fb79'::uuid, '925b246f-c03a-553a-8c05-ba9287efac9d'::uuid, 'Frontend Bundlers Code Quality', true, 'This matches the module''s primary skill.', 1),
('91f6628b-7e3b-5feb-bc59-3328ab16e4e9'::uuid, '925b246f-c03a-553a-8c05-ba9287efac9d'::uuid, 'Testing', false, 'This may be useful elsewhere, but it is not this module''s primary skill.', 2),
('a560cbfa-00cc-5f73-bae0-95ba6ce2a383'::uuid, '925b246f-c03a-553a-8c05-ba9287efac9d'::uuid, 'API Design', false, 'This is not the primary focus for this seeded module.', 3),
('c0ac58d0-7ebb-54e9-b744-2aba7764a931'::uuid, '7c68f4bb-5a6a-597b-b945-9c983b9ce0f7'::uuid, 'Read every lesson and produce a small applied artifact or review notes.', true, 'Applied evidence is the completion signal.', 1),
('8d75ef54-4619-56f8-aad9-114855d58513'::uuid, '7c68f4bb-5a6a-597b-b945-9c983b9ce0f7'::uuid, 'Skip straight to the quiz without opening the lessons.', false, 'The quiz should follow lesson completion.', 2),
('a6d3aa71-5855-5bcd-9c4a-dfb6f63fd0d8'::uuid, '7c68f4bb-5a6a-597b-b945-9c983b9ce0f7'::uuid, 'Change the module status without reviewing the content.', false, 'Status changes are not learning evidence.', 3),
('321ac4dc-a0bb-5950-8165-4c1381280d17'::uuid, 'fd2315d9-a8ca-5bc6-84b8-c8d2c435b2ac'::uuid, 'Frontend E2E Testing', true, 'This matches the module''s primary skill.', 1),
('af40f4ac-6168-5239-ba6c-2932181d9937'::uuid, 'fd2315d9-a8ca-5bc6-84b8-c8d2c435b2ac'::uuid, 'Testing', false, 'This may be useful elsewhere, but it is not this module''s primary skill.', 2),
('0f756186-2d97-5e91-98b1-baa13221bf18'::uuid, 'fd2315d9-a8ca-5bc6-84b8-c8d2c435b2ac'::uuid, 'API Design', false, 'This is not the primary focus for this seeded module.', 3),
('d7abfb7c-7d01-55e2-89f5-a3d8865335a0'::uuid, 'd2c721dc-8b82-531b-8ea7-153dc712aa22'::uuid, 'Read every lesson and produce a small applied artifact or review notes.', true, 'Applied evidence is the completion signal.', 1),
('3e47c6a9-2e59-5cd0-9da5-fa6cd2705b2c'::uuid, 'd2c721dc-8b82-531b-8ea7-153dc712aa22'::uuid, 'Skip straight to the quiz without opening the lessons.', false, 'The quiz should follow lesson completion.', 2),
('6e44cfa4-033c-54c2-875a-98cc63f998b7'::uuid, 'd2c721dc-8b82-531b-8ea7-153dc712aa22'::uuid, 'Change the module status without reviewing the content.', false, 'Status changes are not learning evidence.', 3),
('0ae763be-2fdc-5808-8366-fcfc2a116766'::uuid, '207704a4-359a-5b36-955c-57eca0a8fab0'::uuid, 'Accessibility', true, 'This matches the module''s primary skill.', 1),
('c486299e-5013-566e-9ab8-d0685e7c3c75'::uuid, '207704a4-359a-5b36-955c-57eca0a8fab0'::uuid, 'Testing', false, 'This may be useful elsewhere, but it is not this module''s primary skill.', 2),
('2b51f6a6-705c-5abb-94a6-efa2e02706eb'::uuid, '207704a4-359a-5b36-955c-57eca0a8fab0'::uuid, 'API Design', false, 'This is not the primary focus for this seeded module.', 3),
('2db3c6b5-593d-5e0a-b737-310baf71590e'::uuid, '8eb026dd-0011-5a78-8179-513b71e3b508'::uuid, 'Read every lesson and produce a small applied artifact or review notes.', true, 'Applied evidence is the completion signal.', 1),
('25602401-97c2-5bdf-ace6-422355a08aaf'::uuid, '8eb026dd-0011-5a78-8179-513b71e3b508'::uuid, 'Skip straight to the quiz without opening the lessons.', false, 'The quiz should follow lesson completion.', 2),
('f33e3ecc-0b91-543f-af93-e5eab5384415'::uuid, '8eb026dd-0011-5a78-8179-513b71e3b508'::uuid, 'Change the module status without reviewing the content.', false, 'Status changes are not learning evidence.', 3),
('6a339565-272c-5e3d-b8f8-7cd48852282c'::uuid, '7cb20a33-0ed0-50a5-9a65-0e0454e73f5a'::uuid, 'Frontend Framework Projects', true, 'This matches the module''s primary skill.', 1),
('00137462-2216-5aa1-a4df-3689e3eff8c1'::uuid, '7cb20a33-0ed0-50a5-9a65-0e0454e73f5a'::uuid, 'Testing', false, 'This may be useful elsewhere, but it is not this module''s primary skill.', 2),
('9c60530d-a103-59f3-af11-0d6a2290b99c'::uuid, '7cb20a33-0ed0-50a5-9a65-0e0454e73f5a'::uuid, 'API Design', false, 'This is not the primary focus for this seeded module.', 3),
('352be953-a4a7-520c-9db2-d92e260fd26c'::uuid, 'bf434e2d-e9d5-5ec3-809d-30b74eb13290'::uuid, 'Read every lesson and produce a small applied artifact or review notes.', true, 'Applied evidence is the completion signal.', 1),
('1ee52f14-a62b-5d93-af48-965d96b34eb7'::uuid, 'bf434e2d-e9d5-5ec3-809d-30b74eb13290'::uuid, 'Skip straight to the quiz without opening the lessons.', false, 'The quiz should follow lesson completion.', 2),
('f4f57706-6db2-54b4-9676-b917c53ece6e'::uuid, 'bf434e2d-e9d5-5ec3-809d-30b74eb13290'::uuid, 'Change the module status without reviewing the content.', false, 'Status changes are not learning evidence.', 3),
('3b27e728-3942-5944-b15c-25c193cbe9a3'::uuid, '935ea055-2755-5d64-a016-815997c29da2'::uuid, 'Java', true, 'This matches the module''s primary skill.', 1),
('b57da0ed-742a-513a-ab8a-383edfc331ff'::uuid, '935ea055-2755-5d64-a016-815997c29da2'::uuid, 'Testing', false, 'This may be useful elsewhere, but it is not this module''s primary skill.', 2),
('74efeb17-343a-55c4-b464-49098edb7566'::uuid, '935ea055-2755-5d64-a016-815997c29da2'::uuid, 'API Design', false, 'This is not the primary focus for this seeded module.', 3),
('a7a6e106-2329-5421-ad84-54239d39dd43'::uuid, '65f46ff0-d17f-5614-a453-862729f673ee'::uuid, 'Read every lesson and produce a small applied artifact or review notes.', true, 'Applied evidence is the completion signal.', 1),
('c974870e-989e-5027-ab8a-e628154966bd'::uuid, '65f46ff0-d17f-5614-a453-862729f673ee'::uuid, 'Skip straight to the quiz without opening the lessons.', false, 'The quiz should follow lesson completion.', 2),
('0beabfad-a7fa-5021-9f69-aa960b23fb4f'::uuid, '65f46ff0-d17f-5614-a453-862729f673ee'::uuid, 'Change the module status without reviewing the content.', false, 'Status changes are not learning evidence.', 3),
('e1500047-7926-5919-839d-e7616cde3319'::uuid, '8227ba72-827c-5031-b018-5a5ef522491d'::uuid, 'Browser Platform Apis', true, 'This matches the module''s primary skill.', 1),
('49760066-b566-5024-9713-bbde06860fa2'::uuid, '8227ba72-827c-5031-b018-5a5ef522491d'::uuid, 'Testing', false, 'This may be useful elsewhere, but it is not this module''s primary skill.', 2),
('53aa116b-93aa-51f1-af37-50d03c0315dc'::uuid, '8227ba72-827c-5031-b018-5a5ef522491d'::uuid, 'API Design', false, 'This is not the primary focus for this seeded module.', 3),
('95ec7cec-024f-5f87-a519-f38049fb6de6'::uuid, '816a40ec-825b-5b12-a8d4-a86b22cf0b01'::uuid, 'Read every lesson and produce a small applied artifact or review notes.', true, 'Applied evidence is the completion signal.', 1),
('41b59692-d766-5a24-ab9e-0dfee5050cbd'::uuid, '816a40ec-825b-5b12-a8d4-a86b22cf0b01'::uuid, 'Skip straight to the quiz without opening the lessons.', false, 'The quiz should follow lesson completion.', 2),
('82cb2759-ac18-573b-af1b-8216fb480b57'::uuid, '816a40ec-825b-5b12-a8d4-a86b22cf0b01'::uuid, 'Change the module status without reviewing the content.', false, 'Status changes are not learning evidence.', 3),
('73eb1e24-9f65-5ae9-a94f-cce392660c45'::uuid, '93a92e01-dfc9-5da7-b7e0-4eee74fc7cc0'::uuid, 'Seo', true, 'This matches the module''s primary skill.', 1),
('7581a269-9706-551b-89c1-23745cf38523'::uuid, '93a92e01-dfc9-5da7-b7e0-4eee74fc7cc0'::uuid, 'Testing', false, 'This may be useful elsewhere, but it is not this module''s primary skill.', 2),
('c0c6ec24-6dec-5499-a4d2-4decc8e5a289'::uuid, '93a92e01-dfc9-5da7-b7e0-4eee74fc7cc0'::uuid, 'API Design', false, 'This is not the primary focus for this seeded module.', 3),
('cf94f7e5-4ed5-5d62-a902-49ae5692e436'::uuid, '0c89dc94-b5fe-57af-a464-8cb235d46c28'::uuid, 'Read every lesson and produce a small applied artifact or review notes.', true, 'Applied evidence is the completion signal.', 1),
('a1017c17-fbc8-5446-b074-c03b457fa6be'::uuid, '0c89dc94-b5fe-57af-a464-8cb235d46c28'::uuid, 'Skip straight to the quiz without opening the lessons.', false, 'The quiz should follow lesson completion.', 2),
('9bc482da-08da-55ed-b2e8-0cf35f74b271'::uuid, '0c89dc94-b5fe-57af-a464-8cb235d46c28'::uuid, 'Change the module status without reviewing the content.', false, 'Status changes are not learning evidence.', 3),
('2d37bd49-7aef-5b58-8fd6-af756f015c5d'::uuid, '6e47eeb4-4be4-5b6d-bc11-70cfcf2312be'::uuid, 'Css', true, 'This matches the module''s primary skill.', 1),
('5e6dc12c-ccc8-54f6-8f58-86f291946bd6'::uuid, '6e47eeb4-4be4-5b6d-bc11-70cfcf2312be'::uuid, 'Testing', false, 'This may be useful elsewhere, but it is not this module''s primary skill.', 2),
('82204cf8-781a-5571-a7f4-a9c01c3377b5'::uuid, '6e47eeb4-4be4-5b6d-bc11-70cfcf2312be'::uuid, 'API Design', false, 'This is not the primary focus for this seeded module.', 3),
('2b8e6f1d-3a63-5348-981a-fa0b2b6703a5'::uuid, '95a07c3a-ef80-5c61-a942-f449ccc898b4'::uuid, 'Read every lesson and produce a small applied artifact or review notes.', true, 'Applied evidence is the completion signal.', 1),
('96c691bc-45bc-52f0-bb3b-785e1ad1f725'::uuid, '95a07c3a-ef80-5c61-a942-f449ccc898b4'::uuid, 'Skip straight to the quiz without opening the lessons.', false, 'The quiz should follow lesson completion.', 2),
('73f86f2b-7d5e-556b-8d7c-cd833ea128b7'::uuid, '95a07c3a-ef80-5c61-a942-f449ccc898b4'::uuid, 'Change the module status without reviewing the content.', false, 'Status changes are not learning evidence.', 3),
('bc40f0b5-2da0-534f-af97-75850341b34f'::uuid, 'c6ce852a-b247-56d4-9b05-35c1b870f914'::uuid, 'Sql', true, 'This matches the module''s primary skill.', 1),
('67565baf-f3ac-5e60-83f8-f2358846e64e'::uuid, 'c6ce852a-b247-56d4-9b05-35c1b870f914'::uuid, 'Testing', false, 'This may be useful elsewhere, but it is not this module''s primary skill.', 2),
('820789e5-4c4d-5837-ae4a-6fb4e70f1e01'::uuid, 'c6ce852a-b247-56d4-9b05-35c1b870f914'::uuid, 'API Design', false, 'This is not the primary focus for this seeded module.', 3),
('5a6fdba0-3790-57c1-9f29-272d00a11c53'::uuid, '56905719-39f4-5e47-a7c3-6a2789e383bc'::uuid, 'Read every lesson and produce a small applied artifact or review notes.', true, 'Applied evidence is the completion signal.', 1),
('8f41dad7-7acb-5208-a879-6945cd67eec5'::uuid, '56905719-39f4-5e47-a7c3-6a2789e383bc'::uuid, 'Skip straight to the quiz without opening the lessons.', false, 'The quiz should follow lesson completion.', 2),
('e8d8623f-1b8b-54bf-b6fe-16fa5957b159'::uuid, '56905719-39f4-5e47-a7c3-6a2789e383bc'::uuid, 'Change the module status without reviewing the content.', false, 'Status changes are not learning evidence.', 3),
('bb596aeb-c9ae-52ca-b629-d8df98c5a450'::uuid, '179a480d-9603-5139-9ac0-c28428928fa4'::uuid, 'Typescript Vite Tooling', true, 'This matches the module''s primary skill.', 1),
('8a72da6f-0dab-5534-adef-0e144237c952'::uuid, '179a480d-9603-5139-9ac0-c28428928fa4'::uuid, 'Testing', false, 'This may be useful elsewhere, but it is not this module''s primary skill.', 2),
('ba66927e-aa9e-5768-8230-2ecfdc55fdd8'::uuid, '179a480d-9603-5139-9ac0-c28428928fa4'::uuid, 'API Design', false, 'This is not the primary focus for this seeded module.', 3),
('23e99b8c-15d5-5d0b-bd5f-bae97f968dfa'::uuid, '8b78781a-6e74-52a9-a096-48ca622d343d'::uuid, 'Read every lesson and produce a small applied artifact or review notes.', true, 'Applied evidence is the completion signal.', 1),
('e7df2851-5452-5375-a13f-b04193ab1768'::uuid, '8b78781a-6e74-52a9-a096-48ca622d343d'::uuid, 'Skip straight to the quiz without opening the lessons.', false, 'The quiz should follow lesson completion.', 2),
('e4bb3fb7-be8a-5776-959f-f76325bf66dd'::uuid, '8b78781a-6e74-52a9-a096-48ca622d343d'::uuid, 'Change the module status without reviewing the content.', false, 'Status changes are not learning evidence.', 3),
('6ddf4148-dba4-51bc-8d47-0cbb609e86fa'::uuid, 'a418289c-f19a-5da0-9efe-2953570d1c9d'::uuid, 'Frontend Project Foundations', true, 'This matches the module''s primary skill.', 1),
('5566bf55-b7ba-5eb8-a72d-58a3194ace4d'::uuid, 'a418289c-f19a-5da0-9efe-2953570d1c9d'::uuid, 'Testing', false, 'This may be useful elsewhere, but it is not this module''s primary skill.', 2),
('77845d6c-f1da-5c70-baf5-a9548713eba4'::uuid, 'a418289c-f19a-5da0-9efe-2953570d1c9d'::uuid, 'API Design', false, 'This is not the primary focus for this seeded module.', 3),
('0e76dd99-d5a7-5578-9261-dfca5f149ecf'::uuid, 'a5ada24d-7d93-527d-a34d-ffaa4856c987'::uuid, 'Read every lesson and produce a small applied artifact or review notes.', true, 'Applied evidence is the completion signal.', 1),
('b9db84e4-f22a-5d83-9766-fa666d87f90d'::uuid, 'a5ada24d-7d93-527d-a34d-ffaa4856c987'::uuid, 'Skip straight to the quiz without opening the lessons.', false, 'The quiz should follow lesson completion.', 2),
('69f84697-b754-5b9f-b85c-8f116dc42c83'::uuid, 'a5ada24d-7d93-527d-a34d-ffaa4856c987'::uuid, 'Change the module status without reviewing the content.', false, 'Status changes are not learning evidence.', 3),
('236c6bb9-5182-5bd5-a586-b0fe912c2ad1'::uuid, '05a716c9-dbe4-5ea0-91fb-6870a7372ce1'::uuid, 'Internet', true, 'This matches the module''s primary skill.', 1),
('9be4350b-763f-5657-976e-3fa9149039e9'::uuid, '05a716c9-dbe4-5ea0-91fb-6870a7372ce1'::uuid, 'Testing', false, 'This may be useful elsewhere, but it is not this module''s primary skill.', 2),
('dbd3354a-6c4c-538c-8fe3-1cf30406a4e9'::uuid, '05a716c9-dbe4-5ea0-91fb-6870a7372ce1'::uuid, 'API Design', false, 'This is not the primary focus for this seeded module.', 3),
('9f67310e-654f-526d-91d3-6e16f9d0292d'::uuid, '5b3da649-11c6-5fd7-82ed-3536788078ba'::uuid, 'Read every lesson and produce a small applied artifact or review notes.', true, 'Applied evidence is the completion signal.', 1),
('523160b2-bca8-5e38-8737-2ddc787af233'::uuid, '5b3da649-11c6-5fd7-82ed-3536788078ba'::uuid, 'Skip straight to the quiz without opening the lessons.', false, 'The quiz should follow lesson completion.', 2),
('928cc361-4433-5e9c-8ba9-d9232c97a817'::uuid, '5b3da649-11c6-5fd7-82ed-3536788078ba'::uuid, 'Change the module status without reviewing the content.', false, 'Status changes are not learning evidence.', 3),
('1f8be364-8b78-5f1c-830c-9a8538eb5e4a'::uuid, '10621dec-760d-5796-aae7-c5c8a7c9a77b'::uuid, 'Graphql', true, 'This matches the module''s primary skill.', 1),
('638cf03f-61b5-5f83-bed0-ce065ec91a53'::uuid, '10621dec-760d-5796-aae7-c5c8a7c9a77b'::uuid, 'Testing', false, 'This may be useful elsewhere, but it is not this module''s primary skill.', 2),
('b24c8070-a7da-534b-8906-ffc6d3f1f194'::uuid, '10621dec-760d-5796-aae7-c5c8a7c9a77b'::uuid, 'API Design', false, 'This is not the primary focus for this seeded module.', 3),
('3a1f0c6c-fec8-586f-9a03-6e5fad3c61f5'::uuid, '4edfa221-4dff-56fb-a80c-0a8e75e21bd7'::uuid, 'Read every lesson and produce a small applied artifact or review notes.', true, 'Applied evidence is the completion signal.', 1),
('3d86e83f-b588-560e-8b3a-0c5903cfce11'::uuid, '4edfa221-4dff-56fb-a80c-0a8e75e21bd7'::uuid, 'Skip straight to the quiz without opening the lessons.', false, 'The quiz should follow lesson completion.', 2),
('8680afec-bba2-5f25-b54c-bb745a3e76b3'::uuid, '4edfa221-4dff-56fb-a80c-0a8e75e21bd7'::uuid, 'Change the module status without reviewing the content.', false, 'Status changes are not learning evidence.', 3),
('2845524e-5d65-57fa-9c26-cfa52c85e87f'::uuid, '04f6cda1-e6af-551c-85b3-d970bcf4b4aa'::uuid, 'Frontend Rendering Concepts', true, 'This matches the module''s primary skill.', 1),
('55acde8d-52e4-512c-9d18-8a49c0710316'::uuid, '04f6cda1-e6af-551c-85b3-d970bcf4b4aa'::uuid, 'Testing', false, 'This may be useful elsewhere, but it is not this module''s primary skill.', 2),
('ff031bc8-792f-5c75-868d-6ae32f2f2360'::uuid, '04f6cda1-e6af-551c-85b3-d970bcf4b4aa'::uuid, 'API Design', false, 'This is not the primary focus for this seeded module.', 3),
('fee0cbe3-3e31-5499-8837-29f36745925e'::uuid, 'e8338ceb-af8f-5b52-91bc-9481530205a2'::uuid, 'Read every lesson and produce a small applied artifact or review notes.', true, 'Applied evidence is the completion signal.', 1),
('7da96d08-f54b-5ca0-a2c8-240234696f8d'::uuid, 'e8338ceb-af8f-5b52-91bc-9481530205a2'::uuid, 'Skip straight to the quiz without opening the lessons.', false, 'The quiz should follow lesson completion.', 2),
('66d68225-27c8-5f45-8040-28efe6b3a542'::uuid, 'e8338ceb-af8f-5b52-91bc-9481530205a2'::uuid, 'Change the module status without reviewing the content.', false, 'Status changes are not learning evidence.', 3),
('50ea862b-218b-525e-8d39-3601c1a8c58f'::uuid, 'b8be820c-e6ed-528e-8c4a-e1a01c83ba1e'::uuid, 'Frontend Performance Optimization', true, 'This matches the module''s primary skill.', 1),
('c160345e-cb9b-572d-8567-c4ff218acfb9'::uuid, 'b8be820c-e6ed-528e-8c4a-e1a01c83ba1e'::uuid, 'Testing', false, 'This may be useful elsewhere, but it is not this module''s primary skill.', 2),
('eb0ade8d-7f3d-570c-931d-8df05597c971'::uuid, 'b8be820c-e6ed-528e-8c4a-e1a01c83ba1e'::uuid, 'API Design', false, 'This is not the primary focus for this seeded module.', 3),
('c549fd9a-a0a2-54e4-b200-21aa415b92ad'::uuid, 'ac064c98-975d-5c0d-b08a-5ccd3e12474c'::uuid, 'Read every lesson and produce a small applied artifact or review notes.', true, 'Applied evidence is the completion signal.', 1),
('9a41651d-56f6-51d7-90ee-befacc515203'::uuid, 'ac064c98-975d-5c0d-b08a-5ccd3e12474c'::uuid, 'Skip straight to the quiz without opening the lessons.', false, 'The quiz should follow lesson completion.', 2),
('2ca2a0dc-8459-5d8a-b9c8-a7a69084340f'::uuid, 'ac064c98-975d-5c0d-b08a-5ccd3e12474c'::uuid, 'Change the module status without reviewing the content.', false, 'Status changes are not learning evidence.', 3),
('57d17524-705e-57f7-adb2-383e77819abf'::uuid, 'fe1d7c39-cf4f-5adf-94f9-252158fe7bad'::uuid, 'Css', true, 'This matches the module''s primary skill.', 1),
('9ee8f9fd-c2d5-59c2-b959-15d02a430d6b'::uuid, 'fe1d7c39-cf4f-5adf-94f9-252158fe7bad'::uuid, 'Testing', false, 'This may be useful elsewhere, but it is not this module''s primary skill.', 2),
('e54e56ed-56f2-5307-a1bb-c711cdc2a45f'::uuid, 'fe1d7c39-cf4f-5adf-94f9-252158fe7bad'::uuid, 'API Design', false, 'This is not the primary focus for this seeded module.', 3),
('e93afa62-018b-5047-b276-c2e16defc864'::uuid, 'dcc18059-1e72-5918-b452-ab359142ce0b'::uuid, 'Read every lesson and produce a small applied artifact or review notes.', true, 'Applied evidence is the completion signal.', 1),
('0ff2d28c-f344-527f-a864-d05db08d7b71'::uuid, 'dcc18059-1e72-5918-b452-ab359142ce0b'::uuid, 'Skip straight to the quiz without opening the lessons.', false, 'The quiz should follow lesson completion.', 2),
('4612f47a-025b-521f-a1f5-d6e18a18676f'::uuid, 'dcc18059-1e72-5918-b452-ab359142ce0b'::uuid, 'Change the module status without reviewing the content.', false, 'Status changes are not learning evidence.', 3),
('4fc1b334-d70e-5167-af9f-318911fe03ed'::uuid, '237ab76f-2d45-58cc-b7e1-78ba98351874'::uuid, 'Frontend Web Security', true, 'This matches the module''s primary skill.', 1),
('bd164c39-3a06-5002-af81-568836f049e2'::uuid, '237ab76f-2d45-58cc-b7e1-78ba98351874'::uuid, 'Testing', false, 'This may be useful elsewhere, but it is not this module''s primary skill.', 2),
('083d27ee-cbcc-5ee1-841c-2deaa38f9673'::uuid, '237ab76f-2d45-58cc-b7e1-78ba98351874'::uuid, 'API Design', false, 'This is not the primary focus for this seeded module.', 3),
('a30f9faf-c0a3-58e0-b53f-440b35ed5c62'::uuid, '2ec68fec-926e-522a-8e03-ce53fcee277e'::uuid, 'Read every lesson and produce a small applied artifact or review notes.', true, 'Applied evidence is the completion signal.', 1),
('535dd12a-9d5e-537d-b324-d184e7d085c3'::uuid, '2ec68fec-926e-522a-8e03-ce53fcee277e'::uuid, 'Skip straight to the quiz without opening the lessons.', false, 'The quiz should follow lesson completion.', 2),
('69848ab8-beb8-5683-a507-b192b9205f48'::uuid, '2ec68fec-926e-522a-8e03-ce53fcee277e'::uuid, 'Change the module status without reviewing the content.', false, 'Status changes are not learning evidence.', 3),
('f356960a-8eee-5c91-9788-5b859b704292'::uuid, '9e3d9672-1ff6-5036-9ea8-0cd8c16bbf47'::uuid, 'Html', true, 'This matches the module''s primary skill.', 1),
('136fe14e-7c6c-56da-b883-bae75e3eda1e'::uuid, '9e3d9672-1ff6-5036-9ea8-0cd8c16bbf47'::uuid, 'Testing', false, 'This may be useful elsewhere, but it is not this module''s primary skill.', 2),
('9a098199-b4b3-58f6-ae3c-66920b405cd9'::uuid, '9e3d9672-1ff6-5036-9ea8-0cd8c16bbf47'::uuid, 'API Design', false, 'This is not the primary focus for this seeded module.', 3),
('58127464-be43-572a-a1a7-80259630fc33'::uuid, '521f93b4-b9a2-5083-9ae4-ba0635f64184'::uuid, 'Read every lesson and produce a small applied artifact or review notes.', true, 'Applied evidence is the completion signal.', 1),
('5a447c5c-8c56-5b2d-ae37-a0ac7d9ee6cd'::uuid, '521f93b4-b9a2-5083-9ae4-ba0635f64184'::uuid, 'Skip straight to the quiz without opening the lessons.', false, 'The quiz should follow lesson completion.', 2),
('0789cc7d-04af-55e7-8938-acf990cbdb53'::uuid, '521f93b4-b9a2-5083-9ae4-ba0635f64184'::uuid, 'Change the module status without reviewing the content.', false, 'Status changes are not learning evidence.', 3),
('c05ce9ed-d9a7-53f5-899e-faa762be0c29'::uuid, '9464cddb-65d9-5877-8eee-647793be3f2c'::uuid, 'Csharp', true, 'This matches the module''s primary skill.', 1),
('2d772061-9100-57fc-8cf4-4c356c395f70'::uuid, '9464cddb-65d9-5877-8eee-647793be3f2c'::uuid, 'Testing', false, 'This may be useful elsewhere, but it is not this module''s primary skill.', 2),
('1b77f86f-1331-5ef5-a150-56ecd82c27eb'::uuid, '9464cddb-65d9-5877-8eee-647793be3f2c'::uuid, 'API Design', false, 'This is not the primary focus for this seeded module.', 3),
('eb0d79cf-0f40-5009-9409-198a8845f726'::uuid, 'cb29e7be-249a-5a48-a1fd-0d7b52f0b62d'::uuid, 'Read every lesson and produce a small applied artifact or review notes.', true, 'Applied evidence is the completion signal.', 1),
('14c11030-c325-5c2e-8103-23c9fcf8ed0a'::uuid, 'cb29e7be-249a-5a48-a1fd-0d7b52f0b62d'::uuid, 'Skip straight to the quiz without opening the lessons.', false, 'The quiz should follow lesson completion.', 2),
('1818f237-f7a2-5616-b857-7d53c42eb726'::uuid, 'cb29e7be-249a-5a48-a1fd-0d7b52f0b62d'::uuid, 'Change the module status without reviewing the content.', false, 'Status changes are not learning evidence.', 3),
('4e4e1a30-ff96-58c8-baf3-736e6d7c1578'::uuid, '266de29e-a083-58b4-98b0-d425f3c031a0'::uuid, 'Frontend Performance Measurement', true, 'This matches the module''s primary skill.', 1),
('4cb3c573-e793-5c22-a630-ebfe80ec914e'::uuid, '266de29e-a083-58b4-98b0-d425f3c031a0'::uuid, 'Testing', false, 'This may be useful elsewhere, but it is not this module''s primary skill.', 2),
('df816e15-dd48-5697-bcca-ba36e748788d'::uuid, '266de29e-a083-58b4-98b0-d425f3c031a0'::uuid, 'API Design', false, 'This is not the primary focus for this seeded module.', 3),
('b086e7e2-5bd6-56cf-b163-1b7991688079'::uuid, 'df17c699-6749-59a2-9684-4f43301e8af5'::uuid, 'Read every lesson and produce a small applied artifact or review notes.', true, 'Applied evidence is the completion signal.', 1),
('529828a0-745e-5087-bc03-0b94001bbdac'::uuid, 'df17c699-6749-59a2-9684-4f43301e8af5'::uuid, 'Skip straight to the quiz without opening the lessons.', false, 'The quiz should follow lesson completion.', 2),
('e90e7f63-7cf4-561f-a95d-4fe533784c33'::uuid, 'df17c699-6749-59a2-9684-4f43301e8af5'::uuid, 'Change the module status without reviewing the content.', false, 'Status changes are not learning evidence.', 3),
('9e83e9ba-a006-58df-8e01-3b5b1c791071'::uuid, '8ad8120d-d4c8-5a20-9dde-10aa63a8d90b'::uuid, 'Git', true, 'This matches the module''s primary skill.', 1),
('3f74944b-8e18-56b6-83c6-f5f2b2f243f3'::uuid, '8ad8120d-d4c8-5a20-9dde-10aa63a8d90b'::uuid, 'Testing', false, 'This may be useful elsewhere, but it is not this module''s primary skill.', 2),
('105ee40b-3878-5971-9c07-e9628aa862d0'::uuid, '8ad8120d-d4c8-5a20-9dde-10aa63a8d90b'::uuid, 'API Design', false, 'This is not the primary focus for this seeded module.', 3),
('f04b5206-0beb-5766-8e1e-4747bdf01ff5'::uuid, '2caecb09-64aa-5adb-b804-28066b5392fc'::uuid, 'Read every lesson and produce a small applied artifact or review notes.', true, 'Applied evidence is the completion signal.', 1),
('9ea2d0a0-0ce0-583e-8997-1981cdef9bec'::uuid, '2caecb09-64aa-5adb-b804-28066b5392fc'::uuid, 'Skip straight to the quiz without opening the lessons.', false, 'The quiz should follow lesson completion.', 2),
('cf9a4cc0-bb3b-551a-afd2-00cf995f5113'::uuid, '2caecb09-64aa-5adb-b804-28066b5392fc'::uuid, 'Change the module status without reviewing the content.', false, 'Status changes are not learning evidence.', 3),
('936f595c-4705-58a5-a550-0d27ce8ab7fe'::uuid, '29b76df6-63bc-5825-ba02-2f68e325a6f0'::uuid, 'Frontend Capstone Work', true, 'This matches the module''s primary skill.', 1),
('e012f2f0-38a5-5dd0-9bc1-9b1ac443ee0b'::uuid, '29b76df6-63bc-5825-ba02-2f68e325a6f0'::uuid, 'Testing', false, 'This may be useful elsewhere, but it is not this module''s primary skill.', 2),
('4b31d2a4-f098-5769-a209-c2e1253ee677'::uuid, '29b76df6-63bc-5825-ba02-2f68e325a6f0'::uuid, 'API Design', false, 'This is not the primary focus for this seeded module.', 3),
('df39fa3d-38ac-5be0-934b-fcf3a1e82c41'::uuid, 'd5051360-71c7-5a3a-9bca-386bd0fcc6ea'::uuid, 'Read every lesson and produce a small applied artifact or review notes.', true, 'Applied evidence is the completion signal.', 1),
('36fe3b92-4f0a-56b1-9f37-615735c4e818'::uuid, 'd5051360-71c7-5a3a-9bca-386bd0fcc6ea'::uuid, 'Skip straight to the quiz without opening the lessons.', false, 'The quiz should follow lesson completion.', 2),
('af2c81e8-ae92-5a94-9006-b5759208a21d'::uuid, 'd5051360-71c7-5a3a-9bca-386bd0fcc6ea'::uuid, 'Change the module status without reviewing the content.', false, 'Status changes are not learning evidence.', 3),
('1ddd30ad-00a1-5784-a8b5-1cbb88e38e6a'::uuid, '01b8ea96-fb55-5f05-884f-43a4a3b50ba8'::uuid, 'Frontend Platform Apps', true, 'This matches the module''s primary skill.', 1),
('e87f208c-4917-51fe-a637-d5f310a97805'::uuid, '01b8ea96-fb55-5f05-884f-43a4a3b50ba8'::uuid, 'Testing', false, 'This may be useful elsewhere, but it is not this module''s primary skill.', 2),
('b6a85361-f81d-54b6-8076-a01a8b5ac86d'::uuid, '01b8ea96-fb55-5f05-884f-43a4a3b50ba8'::uuid, 'API Design', false, 'This is not the primary focus for this seeded module.', 3),
('df34804a-45f0-5fa2-a745-b23d9f99ea3e'::uuid, 'fd469766-cd35-5473-b063-42e36a7df239'::uuid, 'Read every lesson and produce a small applied artifact or review notes.', true, 'Applied evidence is the completion signal.', 1),
('cf1aaaa0-b151-5cdf-af7d-e6968414e89e'::uuid, 'fd469766-cd35-5473-b063-42e36a7df239'::uuid, 'Skip straight to the quiz without opening the lessons.', false, 'The quiz should follow lesson completion.', 2),
('bf6331ca-a0d0-5354-b4c3-7b6f90c00dd7'::uuid, 'fd469766-cd35-5473-b063-42e36a7df239'::uuid, 'Change the module status without reviewing the content.', false, 'Status changes are not learning evidence.', 3),
('25a282c0-a69e-5f42-ab1f-a28428dc9fda'::uuid, 'a167e934-07cd-5088-b69e-583768e0958f'::uuid, 'Typescript', true, 'This matches the module''s primary skill.', 1),
('1fead3b5-6d7e-59e1-8b56-06ccd44edac3'::uuid, 'a167e934-07cd-5088-b69e-583768e0958f'::uuid, 'Testing', false, 'This may be useful elsewhere, but it is not this module''s primary skill.', 2),
('e18f1278-327f-5ff1-9941-b9390787c606'::uuid, 'a167e934-07cd-5088-b69e-583768e0958f'::uuid, 'API Design', false, 'This is not the primary focus for this seeded module.', 3),
('9475584f-14cd-5546-b7b7-58f3130124e8'::uuid, '0202b9d3-05b8-524d-a27b-02163a423bbf'::uuid, 'Read every lesson and produce a small applied artifact or review notes.', true, 'Applied evidence is the completion signal.', 1),
('5dc8a4a0-474a-5f02-891f-c77ab53a722b'::uuid, '0202b9d3-05b8-524d-a27b-02163a423bbf'::uuid, 'Skip straight to the quiz without opening the lessons.', false, 'The quiz should follow lesson completion.', 2),
('913a5a70-0c89-536a-8044-f23bdae8beb6'::uuid, '0202b9d3-05b8-524d-a27b-02163a423bbf'::uuid, 'Change the module status without reviewing the content.', false, 'Status changes are not learning evidence.', 3),
('679be45c-1ab2-57fb-aed4-cd16409b66dc'::uuid, '9bc131fd-a846-53b2-8a6e-883a12f08a87'::uuid, 'Frontend Framework Ecosystem', true, 'This matches the module''s primary skill.', 1),
('52dd6ebd-69e1-5351-951a-b90582c70bd5'::uuid, '9bc131fd-a846-53b2-8a6e-883a12f08a87'::uuid, 'Testing', false, 'This may be useful elsewhere, but it is not this module''s primary skill.', 2),
('e3c34410-2e54-5e3f-89be-e743426ccbd0'::uuid, '9bc131fd-a846-53b2-8a6e-883a12f08a87'::uuid, 'API Design', false, 'This is not the primary focus for this seeded module.', 3),
('9aa0cce1-95ef-5af5-8899-1f703baa80a7'::uuid, 'd1586955-564d-5a38-b54e-86fd53996e29'::uuid, 'Read every lesson and produce a small applied artifact or review notes.', true, 'Applied evidence is the completion signal.', 1),
('da97d69a-e973-5a66-a9d4-164120b4611f'::uuid, 'd1586955-564d-5a38-b54e-86fd53996e29'::uuid, 'Skip straight to the quiz without opening the lessons.', false, 'The quiz should follow lesson completion.', 2),
('d5a0e517-f2b7-539d-91c4-1b08fe4d4184'::uuid, 'd1586955-564d-5a38-b54e-86fd53996e29'::uuid, 'Change the module status without reviewing the content.', false, 'Status changes are not learning evidence.', 3),
('02a04756-441d-55a8-a5da-67201e68a26e'::uuid, '15183442-575a-5ee6-8a23-c8561f83a5be'::uuid, 'Html', true, 'This matches the module''s primary skill.', 1),
('594acb5f-1dcf-58b0-9e81-f065c81ebda0'::uuid, '15183442-575a-5ee6-8a23-c8561f83a5be'::uuid, 'Testing', false, 'This may be useful elsewhere, but it is not this module''s primary skill.', 2),
('43025848-3044-5235-9535-c355109d3969'::uuid, '15183442-575a-5ee6-8a23-c8561f83a5be'::uuid, 'API Design', false, 'This is not the primary focus for this seeded module.', 3),
('3bc7a367-125a-5234-8fbe-4e7ebf3414b4'::uuid, 'a1b7679f-2176-5131-8bfe-c7ee5531a2b7'::uuid, 'Read every lesson and produce a small applied artifact or review notes.', true, 'Applied evidence is the completion signal.', 1),
('4cb0d99a-e2ca-5c8d-81cf-2988d2c3414f'::uuid, 'a1b7679f-2176-5131-8bfe-c7ee5531a2b7'::uuid, 'Skip straight to the quiz without opening the lessons.', false, 'The quiz should follow lesson completion.', 2),
('c94f0f29-527f-518f-a8f7-9a65bac7f193'::uuid, 'a1b7679f-2176-5131-8bfe-c7ee5531a2b7'::uuid, 'Change the module status without reviewing the content.', false, 'Status changes are not learning evidence.', 3),
('0d7216e9-2532-58a5-a596-8fd8a4caecd7'::uuid, '0a564536-61cc-5f73-a6a8-144367440203'::uuid, 'Frontend Deployment', true, 'This matches the module''s primary skill.', 1),
('bff87e03-ffcb-5aa3-8cbd-3653e9ad6356'::uuid, '0a564536-61cc-5f73-a6a8-144367440203'::uuid, 'Testing', false, 'This may be useful elsewhere, but it is not this module''s primary skill.', 2),
('3c7f5ef0-1923-5fcc-bea0-500336202468'::uuid, '0a564536-61cc-5f73-a6a8-144367440203'::uuid, 'API Design', false, 'This is not the primary focus for this seeded module.', 3),
('fbb31d3e-0fc3-58c5-8903-933f058d4c72'::uuid, '31246716-c99b-5c2a-9cf1-79863a6c98e1'::uuid, 'Read every lesson and produce a small applied artifact or review notes.', true, 'Applied evidence is the completion signal.', 1),
('eafab9d7-c8d4-5ddd-8c19-c3e7482b6b77'::uuid, '31246716-c99b-5c2a-9cf1-79863a6c98e1'::uuid, 'Skip straight to the quiz without opening the lessons.', false, 'The quiz should follow lesson completion.', 2),
('04d4f48a-7d5d-5d35-a256-819897f07596'::uuid, '31246716-c99b-5c2a-9cf1-79863a6c98e1'::uuid, 'Change the module status without reviewing the content.', false, 'Status changes are not learning evidence.', 3),
('876f943b-d055-53b2-baf7-e824db7c1a8a'::uuid, '7b728df4-23c5-5d74-afd2-808427c0c5d6'::uuid, 'Frontend Component Systems', true, 'This matches the module''s primary skill.', 1),
('43450857-ad68-508f-a628-627db0bed1c2'::uuid, '7b728df4-23c5-5d74-afd2-808427c0c5d6'::uuid, 'Testing', false, 'This may be useful elsewhere, but it is not this module''s primary skill.', 2),
('76914e84-652e-5e4e-8916-d6fe366ae5cb'::uuid, '7b728df4-23c5-5d74-afd2-808427c0c5d6'::uuid, 'API Design', false, 'This is not the primary focus for this seeded module.', 3),
('a647ad11-b758-5972-afbf-09c1723840b7'::uuid, '2395d9e0-5a21-5a42-8dd7-a5bf8ce01846'::uuid, 'Read every lesson and produce a small applied artifact or review notes.', true, 'Applied evidence is the completion signal.', 1),
('97d384ee-9fbf-5812-82f9-4e0643c2b21d'::uuid, '2395d9e0-5a21-5a42-8dd7-a5bf8ce01846'::uuid, 'Skip straight to the quiz without opening the lessons.', false, 'The quiz should follow lesson completion.', 2),
('7b573039-bc03-5710-b1f4-03f5df7e6092'::uuid, '2395d9e0-5a21-5a42-8dd7-a5bf8ce01846'::uuid, 'Change the module status without reviewing the content.', false, 'Status changes are not learning evidence.', 3),
('7e8db9ec-b6e0-57fd-9359-4866fa15ff75'::uuid, '31c62c40-0f55-5321-aeb0-339bd69a89e9'::uuid, 'Javascript', true, 'This matches the module''s primary skill.', 1),
('5aad2f8d-914f-5575-bbcb-13fc47d1d1d9'::uuid, '31c62c40-0f55-5321-aeb0-339bd69a89e9'::uuid, 'Testing', false, 'This may be useful elsewhere, but it is not this module''s primary skill.', 2),
('6dac7d3b-7087-555d-a4d6-bcca7efd2d49'::uuid, '31c62c40-0f55-5321-aeb0-339bd69a89e9'::uuid, 'API Design', false, 'This is not the primary focus for this seeded module.', 3),
('22ac5228-fefb-5158-b2d8-3da772519bfd'::uuid, '56e558e0-4335-5d31-8bf6-3f4c2feee3b9'::uuid, 'Read every lesson and produce a small applied artifact or review notes.', true, 'Applied evidence is the completion signal.', 1),
('341cb66d-feb9-571b-83f8-cd551972a297'::uuid, '56e558e0-4335-5d31-8bf6-3f4c2feee3b9'::uuid, 'Skip straight to the quiz without opening the lessons.', false, 'The quiz should follow lesson completion.', 2),
('6e44ffc6-206f-5785-87ea-c200951a1b9d'::uuid, '56e558e0-4335-5d31-8bf6-3f4c2feee3b9'::uuid, 'Change the module status without reviewing the content.', false, 'Status changes are not learning evidence.', 3),
('a52989f5-203a-5d01-9f50-b882c060d00d'::uuid, '488ee4c4-cab8-5f24-8996-e4e926fbbf35'::uuid, 'Browser Javascript Apis', true, 'This matches the module''s primary skill.', 1),
('2566b713-858f-5e65-86e2-8b45f6df19a0'::uuid, '488ee4c4-cab8-5f24-8996-e4e926fbbf35'::uuid, 'Testing', false, 'This may be useful elsewhere, but it is not this module''s primary skill.', 2),
('c7d3044a-227b-5d84-938e-9c0ca5cb89fa'::uuid, '488ee4c4-cab8-5f24-8996-e4e926fbbf35'::uuid, 'API Design', false, 'This is not the primary focus for this seeded module.', 3),
('0a35efe0-5b60-5db2-8d13-cd96bcd5499d'::uuid, '28302d15-a602-5d40-9ea4-3c6a5d76f68d'::uuid, 'Read every lesson and produce a small applied artifact or review notes.', true, 'Applied evidence is the completion signal.', 1),
('d76b5703-fa49-5495-8a3c-6876252395fa'::uuid, '28302d15-a602-5d40-9ea4-3c6a5d76f68d'::uuid, 'Skip straight to the quiz without opening the lessons.', false, 'The quiz should follow lesson completion.', 2),
('26de5506-0e03-5e32-ae60-55b9bf91fb70'::uuid, '28302d15-a602-5d40-9ea4-3c6a5d76f68d'::uuid, 'Change the module status without reviewing the content.', false, 'Status changes are not learning evidence.', 3),
('67519f57-341f-5b35-b565-0ab87f1b3e94'::uuid, '53ae558c-a62a-5a52-8959-c2be26276314'::uuid, 'Frontend Auth Security', true, 'This matches the module''s primary skill.', 1),
('3d7a638d-c7e3-505b-acd1-e260c37d67d2'::uuid, '53ae558c-a62a-5a52-8959-c2be26276314'::uuid, 'Testing', false, 'This may be useful elsewhere, but it is not this module''s primary skill.', 2),
('c9d82dde-179a-5278-b7d3-bc4d7549c677'::uuid, '53ae558c-a62a-5a52-8959-c2be26276314'::uuid, 'API Design', false, 'This is not the primary focus for this seeded module.', 3),
('c4e9d221-9007-5a27-872a-fa11a745bc05'::uuid, 'fb8c2430-28ea-5f52-9700-2b9bcaf4fa1f'::uuid, 'Read every lesson and produce a small applied artifact or review notes.', true, 'Applied evidence is the completion signal.', 1),
('1c7c3c59-591a-56e2-9310-432f1e17cb0f'::uuid, 'fb8c2430-28ea-5f52-9700-2b9bcaf4fa1f'::uuid, 'Skip straight to the quiz without opening the lessons.', false, 'The quiz should follow lesson completion.', 2),
('cb4952c5-af40-5da8-b8b7-4886c3b32a85'::uuid, 'fb8c2430-28ea-5f52-9700-2b9bcaf4fa1f'::uuid, 'Change the module status without reviewing the content.', false, 'Status changes are not learning evidence.', 3),
('28535042-c2be-5a20-9225-0559f4c5c410'::uuid, '5857253e-e1cc-51e3-82fd-2b39052a6541'::uuid, 'Frontend Testing Fundamentals', true, 'This matches the module''s primary skill.', 1),
('9bd2ac6a-7a5a-557d-b2be-2015d841f342'::uuid, '5857253e-e1cc-51e3-82fd-2b39052a6541'::uuid, 'Testing', false, 'This may be useful elsewhere, but it is not this module''s primary skill.', 2),
('3720e29b-6660-5ef3-9789-1d1ecdd84b0a'::uuid, '5857253e-e1cc-51e3-82fd-2b39052a6541'::uuid, 'API Design', false, 'This is not the primary focus for this seeded module.', 3),
('5847f77b-960c-5328-92c1-9d039d6339f5'::uuid, '77af33e2-13d9-5717-ba9f-2650add75cd6'::uuid, 'Read every lesson and produce a small applied artifact or review notes.', true, 'Applied evidence is the completion signal.', 1),
('7c143398-e881-5813-9502-6e52141bd3fc'::uuid, '77af33e2-13d9-5717-ba9f-2650add75cd6'::uuid, 'Skip straight to the quiz without opening the lessons.', false, 'The quiz should follow lesson completion.', 2),
('8f744e23-375c-5219-a22f-ee7228eb3e61'::uuid, '77af33e2-13d9-5717-ba9f-2650add75cd6'::uuid, 'Change the module status without reviewing the content.', false, 'Status changes are not learning evidence.', 3),
('d8730ba5-5ef7-528e-a2d4-5844060b6878'::uuid, '563fba66-e8d4-5dc2-9805-4a076ac5d9c6'::uuid, 'Frontend Portfolio Review', true, 'This matches the module''s primary skill.', 1),
('6db1fe93-cd58-59a4-910f-25a9b8b8a5fd'::uuid, '563fba66-e8d4-5dc2-9805-4a076ac5d9c6'::uuid, 'Testing', false, 'This may be useful elsewhere, but it is not this module''s primary skill.', 2),
('86a6d0e0-2fa3-56c5-b818-ff74ee4f67f8'::uuid, '563fba66-e8d4-5dc2-9805-4a076ac5d9c6'::uuid, 'API Design', false, 'This is not the primary focus for this seeded module.', 3),
('87e5476e-b285-5870-a303-26a8f8660f1e'::uuid, '92b771b2-027f-5b0e-9071-1f4a7819c2e3'::uuid, 'Read every lesson and produce a small applied artifact or review notes.', true, 'Applied evidence is the completion signal.', 1),
('452b4498-a8af-5017-aea9-0bca46c61f3b'::uuid, '92b771b2-027f-5b0e-9071-1f4a7819c2e3'::uuid, 'Skip straight to the quiz without opening the lessons.', false, 'The quiz should follow lesson completion.', 2),
('9b5f241e-2f9b-566c-8e04-97cd730728a2'::uuid, '92b771b2-027f-5b0e-9071-1f4a7819c2e3'::uuid, 'Change the module status without reviewing the content.', false, 'Status changes are not learning evidence.', 3),
('2c1636a2-19dd-5370-b38e-4d5a17b0c202'::uuid, 'b126d9a5-8743-5e9a-b3e6-556c9c48572e'::uuid, 'Static Site Generation', true, 'This matches the module''s primary skill.', 1),
('ed0da4fd-c48d-58e2-b3af-699655df0a0f'::uuid, 'b126d9a5-8743-5e9a-b3e6-556c9c48572e'::uuid, 'Testing', false, 'This may be useful elsewhere, but it is not this module''s primary skill.', 2),
('8109257a-e88b-5e34-bd65-afb7adc34606'::uuid, 'b126d9a5-8743-5e9a-b3e6-556c9c48572e'::uuid, 'API Design', false, 'This is not the primary focus for this seeded module.', 3),
('6b77dec1-b0a6-5e42-adfc-292e57ff5a3a'::uuid, 'e9db449a-a7fd-5da9-9a25-e24ab2dfacde'::uuid, 'Read every lesson and produce a small applied artifact or review notes.', true, 'Applied evidence is the completion signal.', 1),
('f6870ec9-8984-5262-b3e1-da6962a64136'::uuid, 'e9db449a-a7fd-5da9-9a25-e24ab2dfacde'::uuid, 'Skip straight to the quiz without opening the lessons.', false, 'The quiz should follow lesson completion.', 2),
('de8e2812-6665-5e79-9156-629517b4e68e'::uuid, 'e9db449a-a7fd-5da9-9a25-e24ab2dfacde'::uuid, 'Change the module status without reviewing the content.', false, 'Status changes are not learning evidence.', 3),
('dc566d55-47d2-5092-94df-83675e054fe9'::uuid, 'e69045f5-8695-5ef4-8f2f-b30ffdca48d4'::uuid, 'Frontend Framework Core', true, 'This matches the module''s primary skill.', 1),
('0d45149f-a0d0-5082-9745-a438d7467a03'::uuid, 'e69045f5-8695-5ef4-8f2f-b30ffdca48d4'::uuid, 'Testing', false, 'This may be useful elsewhere, but it is not this module''s primary skill.', 2),
('74549519-09c7-5e19-bc94-70ac028161ed'::uuid, 'e69045f5-8695-5ef4-8f2f-b30ffdca48d4'::uuid, 'API Design', false, 'This is not the primary focus for this seeded module.', 3),
('5009a01d-90ab-5c49-8510-1a7e04466d25'::uuid, '18b2dc11-de72-5e62-ba7d-558118df63f2'::uuid, 'Read every lesson and produce a small applied artifact or review notes.', true, 'Applied evidence is the completion signal.', 1),
('0d475acc-f7a0-5d1c-b345-8731a00c44bc'::uuid, '18b2dc11-de72-5e62-ba7d-558118df63f2'::uuid, 'Skip straight to the quiz without opening the lessons.', false, 'The quiz should follow lesson completion.', 2),
('e5a9d098-851f-548f-bce8-47a7d37a89ef'::uuid, '18b2dc11-de72-5e62-ba7d-558118df63f2'::uuid, 'Change the module status without reviewing the content.', false, 'Status changes are not learning evidence.', 3),
('c76a84a7-6f28-54a5-89d9-9759f50b35d4'::uuid, 'a27e16eb-e46b-5db9-a854-78305d6ccc85'::uuid, 'Css Architecture', true, 'This matches the module''s primary skill.', 1),
('4bf5d1e4-be9c-59dd-97d8-d16f1bc1c3dd'::uuid, 'a27e16eb-e46b-5db9-a854-78305d6ccc85'::uuid, 'Testing', false, 'This may be useful elsewhere, but it is not this module''s primary skill.', 2),
('016cb064-9cf0-597f-9918-891cdd929f5a'::uuid, 'a27e16eb-e46b-5db9-a854-78305d6ccc85'::uuid, 'API Design', false, 'This is not the primary focus for this seeded module.', 3),
('653ecbf0-72a9-5262-bb61-36c5e4985cdd'::uuid, '22a802b6-b619-5532-9486-7f837835b5ae'::uuid, 'Read every lesson and produce a small applied artifact or review notes.', true, 'Applied evidence is the completion signal.', 1),
('b961ed0c-01e1-58f7-a986-b6030f05f902'::uuid, '22a802b6-b619-5532-9486-7f837835b5ae'::uuid, 'Skip straight to the quiz without opening the lessons.', false, 'The quiz should follow lesson completion.', 2),
('7fdf74e8-f1f1-5ae5-8850-71e27f1eede9'::uuid, '22a802b6-b619-5532-9486-7f837835b5ae'::uuid, 'Change the module status without reviewing the content.', false, 'Status changes are not learning evidence.', 3),
('403b2f5a-883c-5f7c-b2f9-c9abe8b01d74'::uuid, 'ed7fef62-fbe4-55c9-9920-dbbde9cbe8fb'::uuid, 'Frontend Package Management', true, 'This matches the module''s primary skill.', 1),
('a2de6071-5116-5ffc-ab10-bb45b2c8d89b'::uuid, 'ed7fef62-fbe4-55c9-9920-dbbde9cbe8fb'::uuid, 'Testing', false, 'This may be useful elsewhere, but it is not this module''s primary skill.', 2),
('fd779c63-95db-5cd3-aeed-a3894df63429'::uuid, 'ed7fef62-fbe4-55c9-9920-dbbde9cbe8fb'::uuid, 'API Design', false, 'This is not the primary focus for this seeded module.', 3),
('b865ab41-a4cb-5916-a341-f412d0dee1dd'::uuid, 'ec2c2d7e-859a-53a4-aa86-d1ca12192077'::uuid, 'Read every lesson and produce a small applied artifact or review notes.', true, 'Applied evidence is the completion signal.', 1),
('0ddec9f7-c3ec-58a1-bc82-b10e08ff8b5a'::uuid, 'ec2c2d7e-859a-53a4-aa86-d1ca12192077'::uuid, 'Skip straight to the quiz without opening the lessons.', false, 'The quiz should follow lesson completion.', 2),
('b2c59733-3b7b-511d-88a1-4995fc6544a6'::uuid, 'ec2c2d7e-859a-53a4-aa86-d1ca12192077'::uuid, 'Change the module status without reviewing the content.', false, 'Status changes are not learning evidence.', 3),
('6369f117-a9a9-5dc9-b8de-6dabc261d2c6'::uuid, '24c59302-6e1d-5fb4-93b5-9a73939c7c26'::uuid, 'Javascript', true, 'This matches the module''s primary skill.', 1),
('8cab8c7d-a1d4-5833-84c2-949043de20d1'::uuid, '24c59302-6e1d-5fb4-93b5-9a73939c7c26'::uuid, 'Testing', false, 'This may be useful elsewhere, but it is not this module''s primary skill.', 2),
('0badbf1e-c171-569b-a280-017cea684f2b'::uuid, '24c59302-6e1d-5fb4-93b5-9a73939c7c26'::uuid, 'API Design', false, 'This is not the primary focus for this seeded module.', 3),
('5d831b6e-4e8c-53c6-82e5-de140bfe0716'::uuid, 'd8f7a976-68d1-521b-ae7a-94e3701198de'::uuid, 'Read every lesson and produce a small applied artifact or review notes.', true, 'Applied evidence is the completion signal.', 1),
('6802cd5d-9149-5990-8a91-c98e23a8a96f'::uuid, 'd8f7a976-68d1-521b-ae7a-94e3701198de'::uuid, 'Skip straight to the quiz without opening the lessons.', false, 'The quiz should follow lesson completion.', 2),
('efc1ef49-2e4c-5c03-b01b-62dca427f578'::uuid, 'd8f7a976-68d1-521b-ae7a-94e3701198de'::uuid, 'Change the module status without reviewing the content.', false, 'Status changes are not learning evidence.', 3),
('ab9c5b66-ca3c-557f-bbbf-ae8d83eebfa3'::uuid, 'd3028544-4b35-5303-a8df-11ce9dfb7704'::uuid, 'Tailwind Css', true, 'This matches the module''s primary skill.', 1),
('97e98f66-8056-570d-a8d7-58353f1f0930'::uuid, 'd3028544-4b35-5303-a8df-11ce9dfb7704'::uuid, 'Testing', false, 'This may be useful elsewhere, but it is not this module''s primary skill.', 2),
('336d5989-84cc-5922-aa7c-9895fde88be2'::uuid, 'd3028544-4b35-5303-a8df-11ce9dfb7704'::uuid, 'API Design', false, 'This is not the primary focus for this seeded module.', 3),
('531e2134-ad46-53e2-a66b-22326b16a17b'::uuid, '2108295f-9ea3-5962-a734-5169dae7aa9d'::uuid, 'Read every lesson and produce a small applied artifact or review notes.', true, 'Applied evidence is the completion signal.', 1),
('867e4a62-60f3-57c8-bd8f-94440467d95e'::uuid, '2108295f-9ea3-5962-a734-5169dae7aa9d'::uuid, 'Skip straight to the quiz without opening the lessons.', false, 'The quiz should follow lesson completion.', 2),
('20792893-98c3-5c98-8db3-14e00e85ded8'::uuid, '2108295f-9ea3-5962-a734-5169dae7aa9d'::uuid, 'Change the module status without reviewing the content.', false, 'Status changes are not learning evidence.', 3),
('d6c0e6e5-58e2-5305-a44e-b49efb1151f2'::uuid, '96b46eae-14e8-5cad-952b-27adc2dc62ca'::uuid, 'Advanced Web Platform Apis', true, 'This matches the module''s primary skill.', 1),
('b50e84af-e395-581c-8307-33f4e11d6076'::uuid, '96b46eae-14e8-5cad-952b-27adc2dc62ca'::uuid, 'Testing', false, 'This may be useful elsewhere, but it is not this module''s primary skill.', 2),
('543ae564-2ad7-5c0d-80fe-3eecb7be7fa0'::uuid, '96b46eae-14e8-5cad-952b-27adc2dc62ca'::uuid, 'API Design', false, 'This is not the primary focus for this seeded module.', 3),
('53dc7618-de8f-5179-8ce3-3383271a4acc'::uuid, 'c525cf99-a346-5d39-bcb1-eb181337c336'::uuid, 'Read every lesson and produce a small applied artifact or review notes.', true, 'Applied evidence is the completion signal.', 1),
('29365457-3d86-56f4-8ded-afb02f46e61c'::uuid, 'c525cf99-a346-5d39-bcb1-eb181337c336'::uuid, 'Skip straight to the quiz without opening the lessons.', false, 'The quiz should follow lesson completion.', 2),
('660910f6-2c56-597f-865b-2c3c5073a66b'::uuid, 'c525cf99-a346-5d39-bcb1-eb181337c336'::uuid, 'Change the module status without reviewing the content.', false, 'Status changes are not learning evidence.', 3),
('97d8152a-ec84-5b94-a660-dd3c9a7597f3'::uuid, '28b07a2b-0aa3-5896-8f12-bdbc2c635326'::uuid, 'Git', true, 'This matches the module''s primary skill.', 1),
('a0767a4b-2d5e-5681-9ca9-f78f7707c5b5'::uuid, '28b07a2b-0aa3-5896-8f12-bdbc2c635326'::uuid, 'Testing', false, 'This may be useful elsewhere, but it is not this module''s primary skill.', 2),
('978a7b3c-c72c-52d5-8afb-b47194926511'::uuid, '28b07a2b-0aa3-5896-8f12-bdbc2c635326'::uuid, 'API Design', false, 'This is not the primary focus for this seeded module.', 3),
('6298ce24-166b-534b-a125-b3729f7dd6de'::uuid, '23a2462f-07ca-5aed-a719-8ba844e830c5'::uuid, 'Read every lesson and produce a small applied artifact or review notes.', true, 'Applied evidence is the completion signal.', 1),
('02298a61-a65f-53bb-9cc3-5da23fae778c'::uuid, '23a2462f-07ca-5aed-a719-8ba844e830c5'::uuid, 'Skip straight to the quiz without opening the lessons.', false, 'The quiz should follow lesson completion.', 2),
('e80fa747-6c7a-5918-aa67-a092e976dd51'::uuid, '23a2462f-07ca-5aed-a719-8ba844e830c5'::uuid, 'Change the module status without reviewing the content.', false, 'Status changes are not learning evidence.', 3),
('ff687fb8-bcf9-5d8d-bed7-1456167de2ee'::uuid, 'd796d1cb-3986-5879-910b-b92aaa84bc19'::uuid, 'Http', true, 'This matches the module''s primary skill.', 1),
('29a4bf26-3691-58a9-b88a-7fdf68f5d4fe'::uuid, 'd796d1cb-3986-5879-910b-b92aaa84bc19'::uuid, 'Testing', false, 'This may be useful elsewhere, but it is not this module''s primary skill.', 2),
('7ccca721-14fb-536c-9576-eafde8c554af'::uuid, 'd796d1cb-3986-5879-910b-b92aaa84bc19'::uuid, 'API Design', false, 'This is not the primary focus for this seeded module.', 3),
('660b9ea4-47d7-5a1b-bfee-680032abf1d9'::uuid, '5626f85a-4485-51ce-b618-ed21aa9566d0'::uuid, 'Read every lesson and produce a small applied artifact or review notes.', true, 'Applied evidence is the completion signal.', 1),
('322f31de-b049-5626-864f-b2b4da5e8abf'::uuid, '5626f85a-4485-51ce-b618-ed21aa9566d0'::uuid, 'Skip straight to the quiz without opening the lessons.', false, 'The quiz should follow lesson completion.', 2),
('53bebc6a-efdb-58e0-aabc-9ae334b8e1cd'::uuid, '5626f85a-4485-51ce-b618-ed21aa9566d0'::uuid, 'Change the module status without reviewing the content.', false, 'Status changes are not learning evidence.', 3),
('d9bfbcd2-bccd-552a-8ebd-1f7d1bddc56e'::uuid, '56b7eb3f-c4ea-51c5-94f1-97ace4c1835b'::uuid, 'Frontend Project Deliverables', true, 'This matches the module''s primary skill.', 1),
('60bb481a-2f3c-5aa1-b206-3865d1cf6695'::uuid, '56b7eb3f-c4ea-51c5-94f1-97ace4c1835b'::uuid, 'Testing', false, 'This may be useful elsewhere, but it is not this module''s primary skill.', 2),
('1fb9d613-e55a-5a87-b64d-b774ee6747bb'::uuid, '56b7eb3f-c4ea-51c5-94f1-97ace4c1835b'::uuid, 'API Design', false, 'This is not the primary focus for this seeded module.', 3),
('99c4d3fc-5db2-5ea9-87a4-9ca314115608'::uuid, 'b00280a0-96a2-5c31-be75-4c09dc896460'::uuid, 'Read every lesson and produce a small applied artifact or review notes.', true, 'Applied evidence is the completion signal.', 1),
('71924e6c-386d-558f-859d-2fff425c2179'::uuid, 'b00280a0-96a2-5c31-be75-4c09dc896460'::uuid, 'Skip straight to the quiz without opening the lessons.', false, 'The quiz should follow lesson completion.', 2),
('f917d5c9-489b-5696-86a0-227f19eec4a9'::uuid, 'b00280a0-96a2-5c31-be75-4c09dc896460'::uuid, 'Change the module status without reviewing the content.', false, 'Status changes are not learning evidence.', 3),
('32428ff8-a32b-5a1d-9f1c-ab025dca1da8'::uuid, '11f8432f-07fd-5a38-8054-5b323e091117'::uuid, 'Python', true, 'This matches the module''s primary skill.', 1),
('fcf691c6-7f5e-5eac-bfaf-94207c0eb706'::uuid, '11f8432f-07fd-5a38-8054-5b323e091117'::uuid, 'Testing', false, 'This may be useful elsewhere, but it is not this module''s primary skill.', 2),
('9dfa08a6-5577-5aaf-9826-19711eb4f6c0'::uuid, '11f8432f-07fd-5a38-8054-5b323e091117'::uuid, 'API Design', false, 'This is not the primary focus for this seeded module.', 3),
('7dc59735-bca0-5566-b8ca-1812af25ea0f'::uuid, '2dd08387-9a01-5fb7-be75-18a2aa20c2c2'::uuid, 'Read every lesson and produce a small applied artifact or review notes.', true, 'Applied evidence is the completion signal.', 1),
('250ae0a9-8058-5849-a4fb-812f2c3cc366'::uuid, '2dd08387-9a01-5fb7-be75-18a2aa20c2c2'::uuid, 'Skip straight to the quiz without opening the lessons.', false, 'The quiz should follow lesson completion.', 2),
('acd4dd79-a74b-5573-acfa-8cbc29cc510a'::uuid, '2dd08387-9a01-5fb7-be75-18a2aa20c2c2'::uuid, 'Change the module status without reviewing the content.', false, 'Status changes are not learning evidence.', 3);

INSERT INTO seed_learning_module_quiz_question
(skill_module_quiz_question_id, skill_module_id, question_text, question_type, explanation, order_index, points)
SELECT
    md5(seed.skill_module_id::text || ':readiness-question-' || generated.question_number::text)::uuid,
    seed.skill_module_id,
    format('Which habit best supports completing %s thoughtfully?', seed.title),
    'single_choice',
    'The seeded module expects applied practice and review notes as learning evidence.',
    generated.question_number,
    1
FROM seed_learning_module seed
CROSS JOIN generate_series(3, 10) AS generated(question_number);

INSERT INTO seed_learning_module_quiz_option
(skill_module_quiz_option_id, skill_module_quiz_question_id, option_text, is_correct, explanation, order_index)
SELECT
    md5(question.skill_module_quiz_question_id::text || ':option-' || option_row.order_index::text)::uuid,
    question.skill_module_quiz_question_id,
    option_row.option_text,
    option_row.is_correct,
    option_row.explanation,
    option_row.order_index
FROM seed_learning_module_quiz_question question
CROSS JOIN (
    VALUES
        ('Practice the lesson and capture a short note or artifact.', true, 'Applied evidence is the expected completion signal.', 1),
        ('Only skim the lesson headings.', false, 'Skimming does not demonstrate the module outcome.', 2),
        ('Mark the module complete without checking the lesson content.', false, 'Completion should follow lesson work.', 3)
) AS option_row(option_text, is_correct, explanation, order_index)
WHERE question.order_index BETWEEN 3 AND 10;

INSERT INTO public.skill
(
    skill_id,
    name,
    slug,
    description,
    category,
    is_active,
    created_at,
    updated_at
)
SELECT
    seed.skill_id,
    seed.name,
    seed.slug,
    seed.description,
    seed.category,
    true,
    now(),
    now()
FROM seed_learning_module_skill seed
ON CONFLICT DO NOTHING;

DO $$
DECLARE
    missing_skills text;
BEGIN
    SELECT string_agg(DISTINCT seed.skill_slug, ', ' ORDER BY seed.skill_slug)
    INTO missing_skills
    FROM seed_learning_module seed
    LEFT JOIN public.skill skill
        ON skill.slug = seed.skill_slug
    WHERE skill.skill_id IS NULL;

    IF missing_skills IS NOT NULL THEN
        RAISE EXCEPTION 'Missing skill slugs required by learning module seed: %', missing_skills;
    END IF;

    IF NOT EXISTS (
        SELECT 1
        FROM public."user"
        WHERE username_normalized = 'contentmanager'
    ) THEN
        RAISE EXCEPTION 'Missing demo content manager user: contentmanager';
    END IF;
END $$;

INSERT INTO public.skill_module
(
    skill_module_id,
    skill_id,
    title,
    slug,
    description,
    difficulty_level,
    estimated_hours,
    status,
    created_by_user_id,
    published_at,
    archived_at,
    metadata,
    created_at,
    updated_at
)
SELECT
    seed.skill_module_id,
    skill.skill_id,
    seed.title,
    seed.slug,
    seed.description,
    seed.difficulty_level,
    seed.estimated_hours,
    'published',
    actor.user_id,
    TIMESTAMPTZ '2026-07-04 00:00:00+00',
    NULL,
    seed.metadata_json::jsonb,
    now(),
    now()
FROM seed_learning_module seed
JOIN public.skill skill
    ON skill.slug = seed.skill_slug
CROSS JOIN LATERAL (
    SELECT user_id
    FROM public."user"
    WHERE username_normalized = 'contentmanager'
    LIMIT 1
) actor
ON CONFLICT (skill_module_id) DO UPDATE SET
    skill_id = EXCLUDED.skill_id,
    title = EXCLUDED.title,
    slug = EXCLUDED.slug,
    description = EXCLUDED.description,
    difficulty_level = EXCLUDED.difficulty_level,
    estimated_hours = EXCLUDED.estimated_hours,
    status = EXCLUDED.status,
    created_by_user_id = EXCLUDED.created_by_user_id,
    published_at = EXCLUDED.published_at,
    archived_at = EXCLUDED.archived_at,
    metadata = EXCLUDED.metadata,
    updated_at = now();

INSERT INTO public.skill_module_lesson
(
    skill_module_lesson_id,
    skill_module_id,
    title,
    slug,
    summary,
    order_index,
    estimated_hours,
    markdown_file_key,
    markdown_file_name,
    content_hash,
    content_size_bytes,
    content_version,
    indexing_status,
    indexed_at,
    indexing_error,
    created_at,
    updated_at
)
SELECT
    seed.skill_module_lesson_id,
    seed.skill_module_id,
    seed.title,
    seed.slug,
    seed.summary,
    seed.order_index,
    seed.estimated_hours,
    seed.markdown_file_key,
    seed.markdown_file_name,
    seed.content_hash,
    seed.content_size_bytes,
    1,
    seed.indexing_status,
    NULL,
    seed.indexing_error,
    now(),
    now()
FROM seed_learning_module_lesson seed
ON CONFLICT (skill_module_lesson_id) DO UPDATE SET
    title = EXCLUDED.title,
    slug = EXCLUDED.slug,
    summary = EXCLUDED.summary,
    order_index = EXCLUDED.order_index,
    estimated_hours = EXCLUDED.estimated_hours,
    markdown_file_key = EXCLUDED.markdown_file_key,
    markdown_file_name = EXCLUDED.markdown_file_name,
    content_hash = EXCLUDED.content_hash,
    content_size_bytes = EXCLUDED.content_size_bytes,
    content_version = EXCLUDED.content_version,
    indexing_status = EXCLUDED.indexing_status,
    indexed_at = EXCLUDED.indexed_at,
    indexing_error = EXCLUDED.indexing_error,
    updated_at = now();

INSERT INTO public.skill_module_quiz
(
    skill_module_quiz_id,
    skill_module_id,
    title,
    description,
    passing_score_percent,
    max_attempts,
    status,
    created_at,
    updated_at
)
SELECT
    seed.skill_module_quiz_id,
    seed.skill_module_id,
    seed.title,
    seed.description,
    seed.passing_score_percent,
    seed.max_attempts,
    seed.status,
    now(),
    now()
FROM seed_learning_module_quiz seed
ON CONFLICT ON CONSTRAINT uq_skill_module_quiz_module DO UPDATE SET
    title = EXCLUDED.title,
    description = EXCLUDED.description,
    passing_score_percent = EXCLUDED.passing_score_percent,
    max_attempts = EXCLUDED.max_attempts,
    status = EXCLUDED.status,
    updated_at = now();

INSERT INTO public.skill_module_quiz_question
(
    skill_module_quiz_question_id,
    skill_module_quiz_id,
    question_text,
    question_type,
    explanation,
    order_index,
    points,
    created_at,
    updated_at
)
SELECT
    seed.skill_module_quiz_question_id,
    quiz.skill_module_quiz_id,
    seed.question_text,
    seed.question_type,
    seed.explanation,
    seed.order_index,
    seed.points,
    now(),
    now()
FROM seed_learning_module_quiz_question seed
JOIN public.skill_module_quiz quiz
    ON quiz.skill_module_id = seed.skill_module_id
ON CONFLICT (skill_module_quiz_question_id) DO UPDATE SET
    skill_module_quiz_id = EXCLUDED.skill_module_quiz_id,
    question_text = EXCLUDED.question_text,
    question_type = EXCLUDED.question_type,
    explanation = EXCLUDED.explanation,
    order_index = EXCLUDED.order_index,
    points = EXCLUDED.points,
    updated_at = now();

INSERT INTO public.skill_module_quiz_option
(
    skill_module_quiz_option_id,
    skill_module_quiz_question_id,
    option_text,
    is_correct,
    explanation,
    order_index,
    created_at,
    updated_at
)
SELECT
    seed.skill_module_quiz_option_id,
    seed.skill_module_quiz_question_id,
    seed.option_text,
    seed.is_correct,
    seed.explanation,
    seed.order_index,
    now(),
    now()
FROM seed_learning_module_quiz_option seed
ON CONFLICT (skill_module_quiz_option_id) DO UPDATE SET
    skill_module_quiz_question_id = EXCLUDED.skill_module_quiz_question_id,
    option_text = EXCLUDED.option_text,
    is_correct = EXCLUDED.is_correct,
    explanation = EXCLUDED.explanation,
    order_index = EXCLUDED.order_index,
    updated_at = now();

COMMIT;
