-- =========================================================
-- Learning Module Seed: Programming Basics
-- =========================================================
-- Seeds five published modules with lessons and quizzes:
-- HTML Basics, CSS Basics, JavaScript Basics, Java Basics, Python Basics.
-- Run after shared-skills.seed.sql and dev-users.seed.sql if owner attribution is needed.
-- Lesson markdown files must also be copied/uploaded to storage using the object keys below.

BEGIN;

DO $$
DECLARE
    missing_skills text;
BEGIN
    SELECT string_agg(required.slug, ', ' ORDER BY required.slug)
    INTO missing_skills
    FROM (VALUES ('html'), ('css'), ('javascript'), ('java'), ('python')) AS required(slug)
    WHERE NOT EXISTS (
        SELECT 1 FROM public.skill s WHERE s.slug = required.slug
    );

    IF missing_skills IS NOT NULL THEN
        RAISE EXCEPTION 'Missing required skills for learning module seed: %. Run shared-skills.seed.sql first.', missing_skills;
    END IF;
END $$;

-- Converge these demo modules to the canonical seed state.
-- This is intended for seed/dev data. Do not rerun on production data with real enrollments.
DELETE FROM public.skill_module
WHERE slug IN ('html-basics', 'css-basics', 'javascript-basics', 'java-basics', 'python-basics');

INSERT INTO public.skill_module
(skill_module_id, skill_id, title, slug, description, difficulty_level, estimated_hours, status, created_by_user_id, published_at, archived_at, metadata, created_at, updated_at)
VALUES
(
    '924372f8-e872-57cb-a42d-63bcc74b33fc',
    (SELECT skill_id FROM public.skill WHERE slug = 'html'),
    'HTML Basics',
    'html-basics',
    'Learn the structure, semantics, forms, and accessibility foundations needed to build clear web pages.',
    'beginner',
    6.00,
    'published',
    (SELECT user_id FROM public."user" WHERE username_normalized = 'contentmanager' LIMIT 1),
    now(),
    NULL,
    '{"seed":true,"seedVersion":"programming-basics-v1-detailed"}'::jsonb,
    now(),
    now()
),
(
    '64e3e0b4-217c-52b7-8fc9-52cddff71499',
    (SELECT skill_id FROM public.skill WHERE slug = 'css'),
    'CSS Basics',
    'css-basics',
    'Learn selectors, the cascade, box model, layout, and responsive styling for maintainable web interfaces.',
    'beginner',
    6.50,
    'published',
    (SELECT user_id FROM public."user" WHERE username_normalized = 'contentmanager' LIMIT 1),
    now(),
    NULL,
    '{"seed":true,"seedVersion":"programming-basics-v1-detailed"}'::jsonb,
    now(),
    now()
),
(
    'a3c16f2e-4804-5461-8891-41324b2891e6',
    (SELECT skill_id FROM public.skill WHERE slug = 'javascript'),
    'JavaScript Basics',
    'javascript-basics',
    'Learn JavaScript values, control flow, functions, arrays, objects, and basic DOM interaction.',
    'beginner',
    7.00,
    'published',
    (SELECT user_id FROM public."user" WHERE username_normalized = 'contentmanager' LIMIT 1),
    now(),
    NULL,
    '{"seed":true,"seedVersion":"programming-basics-v1-detailed"}'::jsonb,
    now(),
    now()
),
(
    '17a05dcb-1778-553e-a4e6-acf1b88590a3',
    (SELECT skill_id FROM public.skill WHERE slug = 'java'),
    'Java Basics',
    'java-basics',
    'Learn Java syntax, classes, collections, exceptions, and basic program structure.',
    'beginner',
    7.00,
    'published',
    (SELECT user_id FROM public."user" WHERE username_normalized = 'contentmanager' LIMIT 1),
    now(),
    NULL,
    '{"seed":true,"seedVersion":"programming-basics-v1-detailed"}'::jsonb,
    now(),
    now()
),
(
    'fd92b0ea-f764-5b38-beb9-cdde9b08c42a',
    (SELECT skill_id FROM public.skill WHERE slug = 'python'),
    'Python Basics',
    'python-basics',
    'Learn Python syntax, data structures, functions, modules, files, and exceptions.',
    'beginner',
    7.00,
    'published',
    (SELECT user_id FROM public."user" WHERE username_normalized = 'contentmanager' LIMIT 1),
    now(),
    NULL,
    '{"seed":true,"seedVersion":"programming-basics-v1-detailed"}'::jsonb,
    now(),
    now()
);

INSERT INTO public.skill_module_lesson
(skill_module_lesson_id, skill_module_id, title, slug, summary, order_index, estimated_hours, markdown_file_key, markdown_file_name, content_hash, content_size_bytes, content_version, indexing_status, indexed_at, indexing_error, created_at, updated_at)
VALUES
(
    '6ee09455-1108-50c7-8bb5-e472a92fd6d1',
    '924372f8-e872-57cb-a42d-63bcc74b33fc',
    'HTML Document Structure',
    'html-document-structure',
    'Learn the role of elements, tags, attributes, and the standard page skeleton.',
    1,
    0.90,
    'learning-modules/924372f8-e872-57cb-a42d-63bcc74b33fc/lessons/6ee09455-1108-50c7-8bb5-e472a92fd6d1-01-html-document-structure.md',
    '01-html-document-structure.md',
    '7f903a2999f26df2f2f620e82479d7e535875df5aa222e42da532dae4dd2f692',
    4078,
    1,
    'pending',
    NULL,
    NULL,
    now(),
    now()
),
(
    'c93e56a8-e162-535c-9f13-5a1e754f8f11',
    '924372f8-e872-57cb-a42d-63bcc74b33fc',
    'Semantic HTML',
    'semantic-html',
    'Use semantic elements to communicate page meaning to browsers and assistive technology.',
    2,
    1.00,
    'learning-modules/924372f8-e872-57cb-a42d-63bcc74b33fc/lessons/c93e56a8-e162-535c-9f13-5a1e754f8f11-02-semantic-html.md',
    '02-semantic-html.md',
    '6c57b793720db60c843532d40c684ef8f6743c2a051c0c11b62015fc26817cc8',
    3448,
    1,
    'pending',
    NULL,
    NULL,
    now(),
    now()
),
(
    '55cb131d-4b38-5f43-8c78-337021c28e3b',
    '924372f8-e872-57cb-a42d-63bcc74b33fc',
    'Links, Images, and Media',
    'links-images-and-media',
    'Create useful links and images with accessible text alternatives.',
    3,
    0.90,
    'learning-modules/924372f8-e872-57cb-a42d-63bcc74b33fc/lessons/55cb131d-4b38-5f43-8c78-337021c28e3b-03-links-images-and-media.md',
    '03-links-images-and-media.md',
    'd83920d6ce38e4e8a09922f938b0028ee0f5d52672c143507e87108687de124c',
    3148,
    1,
    'pending',
    NULL,
    NULL,
    now(),
    now()
),
(
    '5a020d27-cfa5-562e-8803-efc020ca03ff',
    '924372f8-e872-57cb-a42d-63bcc74b33fc',
    'Forms and Basic Validation',
    'forms-and-basic-validation',
    'Build basic forms using labels, inputs, names, and browser validation.',
    4,
    1.20,
    'learning-modules/924372f8-e872-57cb-a42d-63bcc74b33fc/lessons/5a020d27-cfa5-562e-8803-efc020ca03ff-04-forms-and-basic-validation.md',
    '04-forms-and-basic-validation.md',
    '5a177d1b7d1142f0e008c00061349d28f7203bf56ca641179bf473c5fd75a445',
    3306,
    1,
    'pending',
    NULL,
    NULL,
    now(),
    now()
),
(
    '5e5dc8ec-5f72-58cc-a160-4e2a03ff3be4',
    '64e3e0b4-217c-52b7-8fc9-52cddff71499',
    'Selectors and the Cascade',
    'selectors-and-cascade',
    'Understand how CSS selects elements and resolves competing rules.',
    1,
    1.00,
    'learning-modules/64e3e0b4-217c-52b7-8fc9-52cddff71499/lessons/5e5dc8ec-5f72-58cc-a160-4e2a03ff3be4-01-selectors-and-cascade.md',
    '01-selectors-and-cascade.md',
    '1b8e0abc0ef9c575d4e3921c902c5a9dcc77fa14ce8ca8e75b36a8f9a6037950',
    3087,
    1,
    'pending',
    NULL,
    NULL,
    now(),
    now()
),
(
    '9f92bc29-059b-5765-a4d0-2f41dc2e6f28',
    '64e3e0b4-217c-52b7-8fc9-52cddff71499',
    'Box Model and Spacing',
    'box-model-and-spacing',
    'Use content, padding, border, and margin intentionally.',
    2,
    1.00,
    'learning-modules/64e3e0b4-217c-52b7-8fc9-52cddff71499/lessons/9f92bc29-059b-5765-a4d0-2f41dc2e6f28-02-box-model-and-spacing.md',
    '02-box-model-and-spacing.md',
    'ce26524d2aae36c00a762981fc84e5ac262cbd5b573076daa00e94e861b915b1',
    2788,
    1,
    'pending',
    NULL,
    NULL,
    now(),
    now()
),
(
    'd20555cc-4dc2-5370-bc63-43bc427946f6',
    '64e3e0b4-217c-52b7-8fc9-52cddff71499',
    'Flexbox Layout',
    'flexbox-layout',
    'Create one-dimensional layouts using flex container and item behavior.',
    3,
    1.20,
    'learning-modules/64e3e0b4-217c-52b7-8fc9-52cddff71499/lessons/d20555cc-4dc2-5370-bc63-43bc427946f6-03-flexbox-layout.md',
    '03-flexbox-layout.md',
    'e888ab0149c06b2c0f36ff905eb3094e1f5c2af13d5859dc85c9ad742ad02776',
    2909,
    1,
    'pending',
    NULL,
    NULL,
    now(),
    now()
),
(
    'd081aeea-ca31-5c77-9ea6-a5016cc216c5',
    '64e3e0b4-217c-52b7-8fc9-52cddff71499',
    'Responsive CSS',
    'responsive-css',
    'Adapt layouts to different screen sizes using relative units and media queries.',
    4,
    1.30,
    'learning-modules/64e3e0b4-217c-52b7-8fc9-52cddff71499/lessons/d081aeea-ca31-5c77-9ea6-a5016cc216c5-04-responsive-css.md',
    '04-responsive-css.md',
    'a9e1202696fcc64589e50cfc1ffc37673ea5dfc0af6272ca1c05c2fde763bcae',
    2828,
    1,
    'pending',
    NULL,
    NULL,
    now(),
    now()
),
(
    '8e4be983-be7f-580e-a386-2b3c41a4f344',
    'a3c16f2e-4804-5461-8891-41324b2891e6',
    'Values, Variables, and Types',
    'values-variables-and-types',
    'Work with JavaScript primitives, variables, and type-aware thinking.',
    1,
    1.10,
    'learning-modules/a3c16f2e-4804-5461-8891-41324b2891e6/lessons/8e4be983-be7f-580e-a386-2b3c41a4f344-01-values-variables-and-types.md',
    '01-values-variables-and-types.md',
    '5c04250e99c942bca298d65bb4089f6fb180d72490347a1a17f72f94eae0ac90',
    3156,
    1,
    'pending',
    NULL,
    NULL,
    now(),
    now()
),
(
    'b4606be2-861d-5039-81a2-724fced242a4',
    'a3c16f2e-4804-5461-8891-41324b2891e6',
    'Control Flow and Functions',
    'control-flow-and-functions',
    'Use conditions, loops, and functions to organize program behavior.',
    2,
    1.30,
    'learning-modules/a3c16f2e-4804-5461-8891-41324b2891e6/lessons/b4606be2-861d-5039-81a2-724fced242a4-02-control-flow-and-functions.md',
    '02-control-flow-and-functions.md',
    '38fec3072ede90546ad1e9712cf3885587e4effcbb0091382c73e64a96e9de42',
    2986,
    1,
    'pending',
    NULL,
    NULL,
    now(),
    now()
),
(
    'd95311f4-5b36-5644-86a3-b104dda2700e',
    'a3c16f2e-4804-5461-8891-41324b2891e6',
    'Arrays and Objects',
    'arrays-and-objects',
    'Represent lists and structured data with arrays and objects.',
    3,
    1.30,
    'learning-modules/a3c16f2e-4804-5461-8891-41324b2891e6/lessons/d95311f4-5b36-5644-86a3-b104dda2700e-03-arrays-and-objects.md',
    '03-arrays-and-objects.md',
    'cb3e292f9479d7010a90129c5fcea933f9672c73b5c97d8e1a549e8b5347b02e',
    3047,
    1,
    'pending',
    NULL,
    NULL,
    now(),
    now()
),
(
    '1d176552-37c7-5491-8535-81e0a96cadac',
    'a3c16f2e-4804-5461-8891-41324b2891e6',
    'DOM Events and Errors',
    'dom-events-and-errors',
    'Handle user events and basic runtime errors in browser JavaScript.',
    4,
    1.30,
    'learning-modules/a3c16f2e-4804-5461-8891-41324b2891e6/lessons/1d176552-37c7-5491-8535-81e0a96cadac-04-dom-events-and-errors.md',
    '04-dom-events-and-errors.md',
    '70d7daa610dba6155257ec6ef71ffb8dcc03ae749e8616f5466a9757b192c60d',
    2883,
    1,
    'pending',
    NULL,
    NULL,
    now(),
    now()
),
(
    '56800d30-7059-5656-b227-c384228cc970',
    '17a05dcb-1778-553e-a4e6-acf1b88590a3',
    'Java Program Structure',
    'java-program-structure',
    'Understand classes, main methods, statements, and compilation basics.',
    1,
    1.10,
    'learning-modules/17a05dcb-1778-553e-a4e6-acf1b88590a3/lessons/56800d30-7059-5656-b227-c384228cc970-01-java-program-structure.md',
    '01-java-program-structure.md',
    'a8024cbd2d706b0577e8de56b532d2f19da66a73d669e66b223f06a0c51ed6a4',
    2815,
    1,
    'pending',
    NULL,
    NULL,
    now(),
    now()
),
(
    'eddfd522-7577-5c54-a550-3a2a3178d246',
    '17a05dcb-1778-553e-a4e6-acf1b88590a3',
    'Variables, Types, and Control Flow',
    'variables-types-and-control-flow',
    'Use Java variables, primitive types, conditions, and loops.',
    2,
    1.30,
    'learning-modules/17a05dcb-1778-553e-a4e6-acf1b88590a3/lessons/eddfd522-7577-5c54-a550-3a2a3178d246-02-variables-types-and-control-flow.md',
    '02-variables-types-and-control-flow.md',
    '07017a2d8045c2ae275ccff260e168ce4ec513cf59b2076bcf6d923238b89100',
    2738,
    1,
    'pending',
    NULL,
    NULL,
    now(),
    now()
),
(
    'caea5054-f606-5825-92db-c6546fa4e00f',
    '17a05dcb-1778-553e-a4e6-acf1b88590a3',
    'Classes, Objects, and Methods',
    'classes-objects-and-methods',
    'Model data and behavior using classes, objects, fields, and methods.',
    3,
    1.40,
    'learning-modules/17a05dcb-1778-553e-a4e6-acf1b88590a3/lessons/caea5054-f606-5825-92db-c6546fa4e00f-03-classes-objects-and-methods.md',
    '03-classes-objects-and-methods.md',
    '671a84ce90c6dbee8975960f0ea2ae2a6765f88e90a9a74c196c77606bea7cf4',
    2941,
    1,
    'pending',
    NULL,
    NULL,
    now(),
    now()
),
(
    'fe1de5f2-8b02-51d9-843e-3ccd9292399b',
    '17a05dcb-1778-553e-a4e6-acf1b88590a3',
    'Collections and Exceptions',
    'collections-and-exceptions',
    'Work with ArrayList and handle basic exceptions.',
    4,
    1.20,
    'learning-modules/17a05dcb-1778-553e-a4e6-acf1b88590a3/lessons/fe1de5f2-8b02-51d9-843e-3ccd9292399b-04-collections-and-exceptions.md',
    '04-collections-and-exceptions.md',
    '2eb4d1227a455a0c6198873878e6c26d7338a271cd32b1f01cff54022b07ad07',
    2986,
    1,
    'pending',
    NULL,
    NULL,
    now(),
    now()
),
(
    '8e0cd046-5c14-537a-b48d-3c0758fd09b7',
    'fd92b0ea-f764-5b38-beb9-cdde9b08c42a',
    'Python Syntax and Values',
    'python-syntax-and-values',
    'Use Python variables, indentation, strings, numbers, and booleans.',
    1,
    1.10,
    'learning-modules/fd92b0ea-f764-5b38-beb9-cdde9b08c42a/lessons/8e0cd046-5c14-537a-b48d-3c0758fd09b7-01-python-syntax-and-values.md',
    '01-python-syntax-and-values.md',
    '8bc51b4a041022ff6654c49ffa41582bbbde3f031604d1de889c65c2b9d9ca31',
    2740,
    1,
    'pending',
    NULL,
    NULL,
    now(),
    now()
),
(
    '9bed0eb2-effe-5a0e-9004-aba3b795d9f8',
    'fd92b0ea-f764-5b38-beb9-cdde9b08c42a',
    'Control Flow and Functions',
    'control-flow-and-functions',
    'Write conditions, loops, and reusable functions in Python.',
    2,
    1.30,
    'learning-modules/fd92b0ea-f764-5b38-beb9-cdde9b08c42a/lessons/9bed0eb2-effe-5a0e-9004-aba3b795d9f8-02-control-flow-and-functions.md',
    '02-control-flow-and-functions.md',
    '8db6a000308fe1259f59e868b72836a48d8e4fa45989218c2bbc4e6111caf463',
    2626,
    1,
    'pending',
    NULL,
    NULL,
    now(),
    now()
),
(
    '331d4652-6807-5289-a17e-a8287992dfd4',
    'fd92b0ea-f764-5b38-beb9-cdde9b08c42a',
    'Lists, Dictionaries, and Tuples',
    'lists-dictionaries-and-tuples',
    'Represent collections using Python built-in data structures.',
    3,
    1.30,
    'learning-modules/fd92b0ea-f764-5b38-beb9-cdde9b08c42a/lessons/331d4652-6807-5289-a17e-a8287992dfd4-03-lists-dictionaries-and-tuples.md',
    '03-lists-dictionaries-and-tuples.md',
    'd5fc6066ad2f5c7991978297460364ecbb2251dcad93909b5277bd9fda6c55e0',
    2769,
    1,
    'pending',
    NULL,
    NULL,
    now(),
    now()
),
(
    '7cc75357-09da-5aba-ab64-1d11d3a434bf',
    'fd92b0ea-f764-5b38-beb9-cdde9b08c42a',
    'Files, Modules, and Exceptions',
    'files-modules-and-exceptions',
    'Use imports, read files safely, and handle basic exceptions.',
    4,
    1.30,
    'learning-modules/fd92b0ea-f764-5b38-beb9-cdde9b08c42a/lessons/7cc75357-09da-5aba-ab64-1d11d3a434bf-04-files-modules-and-exceptions.md',
    '04-files-modules-and-exceptions.md',
    '3782bdf83b94c3149e384995b4452749de0a3b0662ca29a62a6f7d63250e21a4',
    2745,
    1,
    'pending',
    NULL,
    NULL,
    now(),
    now()
);

INSERT INTO public.skill_module_quiz
(skill_module_quiz_id, skill_module_id, title, description, passing_score_percent, max_attempts, status, created_at, updated_at)
VALUES
(
    'b7f764a6-a26f-5505-bb13-7cf0e97f089e',
    '924372f8-e872-57cb-a42d-63bcc74b33fc',
    'HTML Basics Quiz',
    'Checks core concepts from the module lessons.',
    70.00,
    3,
    'published',
    now(),
    now()
),
(
    'b138295b-e8a8-5767-8935-0bc29bd2f56e',
    '64e3e0b4-217c-52b7-8fc9-52cddff71499',
    'CSS Basics Quiz',
    'Checks core concepts from the module lessons.',
    70.00,
    3,
    'published',
    now(),
    now()
),
(
    'b2748f7a-323c-5853-b633-e32e23ee11f0',
    'a3c16f2e-4804-5461-8891-41324b2891e6',
    'JavaScript Basics Quiz',
    'Checks core concepts from the module lessons.',
    70.00,
    3,
    'published',
    now(),
    now()
),
(
    '306a2712-8cef-56b3-b13b-fd185e21343a',
    '17a05dcb-1778-553e-a4e6-acf1b88590a3',
    'Java Basics Quiz',
    'Checks core concepts from the module lessons.',
    70.00,
    3,
    'published',
    now(),
    now()
),
(
    '273b423d-02ae-54a9-bab8-278ec7e9ea1d',
    'fd92b0ea-f764-5b38-beb9-cdde9b08c42a',
    'Python Basics Quiz',
    'Checks core concepts from the module lessons.',
    70.00,
    3,
    'published',
    now(),
    now()
);

INSERT INTO public.skill_module_quiz_question
(skill_module_quiz_question_id, skill_module_quiz_id, question_text, question_type, explanation, order_index, points, created_at, updated_at)
VALUES
(
    '664d49c2-d9bf-5236-8b68-6ea4bdd39aab',
    'b7f764a6-a26f-5505-bb13-7cf0e97f089e',
    'Which element contains visible page content?',
    'single_choice',
    'Visible content belongs in the body element.',
    1,
    1,
    now(),
    now()
),
(
    '5b7f2868-50c2-5c4e-a903-791edcec988d',
    'b7f764a6-a26f-5505-bb13-7cf0e97f089e',
    'What is semantic HTML mainly for?',
    'single_choice',
    'Semantic elements describe purpose and structure.',
    2,
    1,
    now(),
    now()
),
(
    'b893344c-40ef-5459-908b-cf3281860432',
    'b7f764a6-a26f-5505-bb13-7cf0e97f089e',
    'Which attribute gives alternative text for an image?',
    'single_choice',
    'The alt attribute gives text alternatives.',
    3,
    1,
    now(),
    now()
),
(
    'de47ac1e-513c-597c-ae70-47f6ba75aa04',
    'b7f764a6-a26f-5505-bb13-7cf0e97f089e',
    'What should link text usually describe?',
    'single_choice',
    'Good link text makes the destination clear.',
    4,
    1,
    now(),
    now()
),
(
    '230afcc8-7982-562f-9cc1-d7ec8ef7529a',
    'b7f764a6-a26f-5505-bb13-7cf0e97f089e',
    'Which element represents main page content?',
    'single_choice',
    'main identifies the primary content area.',
    5,
    1,
    now(),
    now()
),
(
    'b0086f80-9525-5e49-b33b-d48eecb312af',
    'b7f764a6-a26f-5505-bb13-7cf0e97f089e',
    'Why are labels important in forms?',
    'single_choice',
    'Labels make inputs understandable and easier to activate.',
    6,
    1,
    now(),
    now()
),
(
    'd2706580-30cd-5ef3-a56a-98258ca15b12',
    'b7f764a6-a26f-5505-bb13-7cf0e97f089e',
    'Which input type gives basic email validation?',
    'single_choice',
    'type=email enables browser email-format checks.',
    7,
    1,
    now(),
    now()
),
(
    'd4235a57-fb91-5b98-9862-d95782502ba4',
    'b7f764a6-a26f-5505-bb13-7cf0e97f089e',
    'What does the head element usually contain?',
    'single_choice',
    'head contains metadata such as title and charset.',
    8,
    1,
    now(),
    now()
),
(
    '19fd3433-fd65-5e07-a1bd-835700c5bd4b',
    'b7f764a6-a26f-5505-bb13-7cf0e97f089e',
    'What is a good use of h1?',
    'single_choice',
    'h1 should normally represent the main page heading.',
    9,
    1,
    now(),
    now()
),
(
    'b80dc6c9-d4a1-5e30-b4d5-d0bc440fc34c',
    'b7f764a6-a26f-5505-bb13-7cf0e97f089e',
    'Which form attribute is used as the submitted field key?',
    'single_choice',
    'The name attribute identifies the submitted field value.',
    10,
    1,
    now(),
    now()
),
(
    'f7df29b2-7f13-5c52-9c80-6770ae441343',
    'b138295b-e8a8-5767-8935-0bc29bd2f56e',
    'Which selector targets a class named card?',
    'single_choice',
    'Class selectors start with a dot.',
    1,
    1,
    now(),
    now()
),
(
    '35098fc3-1b51-5fdd-8976-47005dcbcc3d',
    'b138295b-e8a8-5767-8935-0bc29bd2f56e',
    'In the box model, padding is located where?',
    'single_choice',
    'Padding sits between content and border.',
    2,
    1,
    now(),
    now()
),
(
    'eb3e1e4d-aaca-58f6-b042-9f9675b75ca0',
    'b138295b-e8a8-5767-8935-0bc29bd2f56e',
    'What does border-box include in width calculations?',
    'single_choice',
    'border-box includes content, padding, and border.',
    3,
    1,
    now(),
    now()
),
(
    'e51d0753-03ba-57b6-8c7f-83283c442524',
    'b138295b-e8a8-5767-8935-0bc29bd2f56e',
    'Which property enables flexbox?',
    'single_choice',
    'Flexbox starts with display:flex on the container.',
    4,
    1,
    now(),
    now()
),
(
    '9c450fe8-81af-545c-bd8d-de3cc5c5064a',
    'b138295b-e8a8-5767-8935-0bc29bd2f56e',
    'What does gap control in flex/grid layouts?',
    'single_choice',
    'gap creates space between child items.',
    5,
    1,
    now(),
    now()
),
(
    '369c240a-1d66-5f74-a5f0-b4809a8205a0',
    'b138295b-e8a8-5767-8935-0bc29bd2f56e',
    'Which rule wins when specificity is equal?',
    'single_choice',
    'Later source order wins with equal specificity.',
    6,
    1,
    now(),
    now()
),
(
    'aaeef11d-4373-5115-b82f-00b339fc32b1',
    'b138295b-e8a8-5767-8935-0bc29bd2f56e',
    'What is mobile-first CSS?',
    'single_choice',
    'Mobile-first starts from small layouts then adds enhancements.',
    7,
    1,
    now(),
    now()
),
(
    'cf4065ad-e20b-5251-878b-a79878a9bf97',
    'b138295b-e8a8-5767-8935-0bc29bd2f56e',
    'Which media query checks larger screens?',
    'single_choice',
    'min-width applies when viewport is at least that width.',
    8,
    1,
    now(),
    now()
),
(
    'f163eda9-d753-53a2-9215-3fd47ee6d4f2',
    'b138295b-e8a8-5767-8935-0bc29bd2f56e',
    'Which unit is relative to root font size?',
    'single_choice',
    'rem is based on the root font size.',
    9,
    1,
    now(),
    now()
),
(
    '507b9704-8f24-5235-8986-7d7e3b567659',
    'b138295b-e8a8-5767-8935-0bc29bd2f56e',
    'What is specificity used for?',
    'single_choice',
    'Specificity helps decide which rule applies.',
    10,
    1,
    now(),
    now()
),
(
    'f75a6ba5-b98a-53cb-b8ee-b9b8bf22f394',
    'b2748f7a-323c-5853-b633-e32e23ee11f0',
    'Which keyword is preferred for a variable that will not be reassigned?',
    'single_choice',
    'const prevents reassignment of the binding.',
    1,
    1,
    now(),
    now()
),
(
    '44a052ed-80f5-5c3d-a95b-80d93c452759',
    'b2748f7a-323c-5853-b633-e32e23ee11f0',
    'What does Array.isArray([]) return?',
    'single_choice',
    'Array.isArray checks whether a value is an array.',
    2,
    1,
    now(),
    now()
),
(
    '91f5d0d6-3e03-5146-b23d-e2b9edf8873c',
    'b2748f7a-323c-5853-b633-e32e23ee11f0',
    'Which loop is convenient for values in an array?',
    'single_choice',
    'for...of iterates values.',
    3,
    1,
    now(),
    now()
),
(
    '49397d4c-4f67-5538-9bed-60cfad6bff14',
    'b2748f7a-323c-5853-b633-e32e23ee11f0',
    'What should a focused function usually have?',
    'single_choice',
    'Focused functions are easier to reuse and test.',
    4,
    1,
    now(),
    now()
),
(
    '62526fb6-d090-546c-9b56-9ca42b3e1926',
    'b2748f7a-323c-5853-b633-e32e23ee11f0',
    'Which method transforms each array item into a new array?',
    'single_choice',
    'map transforms each item.',
    5,
    1,
    now(),
    now()
),
(
    'c09eebc5-feca-56f0-9062-6118a18cf157',
    'b2748f7a-323c-5853-b633-e32e23ee11f0',
    'Which method returns the first matching array item?',
    'single_choice',
    'find returns the first item matching a predicate.',
    6,
    1,
    now(),
    now()
),
(
    '1588b1ad-5a2c-5ed7-a8df-ed5e99e5bdba',
    'b2748f7a-323c-5853-b633-e32e23ee11f0',
    'What is the DOM?',
    'single_choice',
    'DOM represents the document in the browser.',
    7,
    1,
    now(),
    now()
),
(
    'fa8481da-eef6-5351-89f9-81c0f1158227',
    'b2748f7a-323c-5853-b633-e32e23ee11f0',
    'Which method registers a click handler?',
    'single_choice',
    'addEventListener registers event handlers.',
    8,
    1,
    now(),
    now()
),
(
    '2a5c9a67-f117-5dea-9137-47216dc9fd23',
    'b2748f7a-323c-5853-b633-e32e23ee11f0',
    'When is try...catch useful?',
    'single_choice',
    'try...catch handles exceptions.',
    9,
    1,
    now(),
    now()
),
(
    '0110a404-112f-59cb-9ca7-10b33667be31',
    'b2748f7a-323c-5853-b633-e32e23ee11f0',
    'What does typeof [] return in JavaScript?',
    'single_choice',
    'Arrays are objects at the typeof level.',
    10,
    1,
    now(),
    now()
),
(
    '391fb4e1-c953-5a9e-99e0-7224e3770c75',
    '306a2712-8cef-56b3-b13b-fd185e21343a',
    'What is the common entry point method in Java?',
    'single_choice',
    'The main method is the conventional entry point.',
    1,
    1,
    now(),
    now()
),
(
    '744bdef1-a296-5e1b-998b-0d694e3a1a97',
    '306a2712-8cef-56b3-b13b-fd185e21343a',
    'Is Java statically typed?',
    'single_choice',
    'Java variables have declared types.',
    2,
    1,
    now(),
    now()
),
(
    '66eeff04-7a6b-50a0-8662-f85b97be6543',
    '306a2712-8cef-56b3-b13b-fd185e21343a',
    'Which type stores true or false?',
    'single_choice',
    'boolean stores true/false values.',
    3,
    1,
    now(),
    now()
),
(
    'fced44e3-f7ad-54a0-a9bf-3c5637f36ecd',
    '306a2712-8cef-56b3-b13b-fd185e21343a',
    'What creates a new object instance?',
    'single_choice',
    'Constructors initialize new objects.',
    4,
    1,
    now(),
    now()
),
(
    '78380c9e-e358-57e9-87bf-9b073888e9cf',
    '306a2712-8cef-56b3-b13b-fd185e21343a',
    'What does ArrayList store?',
    'single_choice',
    'ArrayList is a resizable list.',
    5,
    1,
    now(),
    now()
),
(
    'd767fe5f-b6f0-5b30-b71e-7d1d6bb8a36a',
    '306a2712-8cef-56b3-b13b-fd185e21343a',
    'Which keyword handles exceptions?',
    'single_choice',
    'catch handles thrown exceptions.',
    6,
    1,
    now(),
    now()
),
(
    'a5addcff-67dd-5288-a99c-d17452291145',
    '306a2712-8cef-56b3-b13b-fd185e21343a',
    'Why use generics with collections?',
    'single_choice',
    'Generics tell the compiler the list element type.',
    7,
    1,
    now(),
    now()
),
(
    '463da0a8-969c-5835-828c-02500c426499',
    '306a2712-8cef-56b3-b13b-fd185e21343a',
    'What symbol ends most Java statements?',
    'single_choice',
    'Most Java statements end with semicolons.',
    8,
    1,
    now(),
    now()
),
(
    '4526cb1e-191d-530e-9cd5-3ffb4f02c3f3',
    '306a2712-8cef-56b3-b13b-fd185e21343a',
    'What is an object?',
    'single_choice',
    'Objects are class instances.',
    9,
    1,
    now(),
    now()
),
(
    '3d404e35-051e-51ef-8d76-7ef59061e5db',
    '306a2712-8cef-56b3-b13b-fd185e21343a',
    'Which import is needed for ArrayList?',
    'single_choice',
    'ArrayList is in java.util.',
    10,
    1,
    now(),
    now()
),
(
    '5b157020-741a-5b0d-8883-e03571b735c5',
    '273b423d-02ae-54a9-bab8-278ec7e9ea1d',
    'What does Python use to define code blocks?',
    'single_choice',
    'Python uses indentation for blocks.',
    1,
    1,
    now(),
    now()
),
(
    '3fc28311-1ff6-5434-8419-d21b01c463e8',
    '273b423d-02ae-54a9-bab8-278ec7e9ea1d',
    'Which keyword defines a function?',
    'single_choice',
    'Python functions are defined with def.',
    2,
    1,
    now(),
    now()
),
(
    'c948cb53-6a42-5aff-9d02-1da17dd13bf1',
    '273b423d-02ae-54a9-bab8-278ec7e9ea1d',
    'Which structure maps keys to values?',
    'single_choice',
    'Dictionaries map keys to values.',
    3,
    1,
    now(),
    now()
),
(
    'e3a732b0-1065-5649-a014-3a309c1ec578',
    '273b423d-02ae-54a9-bab8-278ec7e9ea1d',
    'Which string syntax formats values clearly?',
    'single_choice',
    'f-strings embed expressions in strings.',
    4,
    1,
    now(),
    now()
),
(
    '5302f25c-e965-555e-83af-055b0657092d',
    '273b423d-02ae-54a9-bab8-278ec7e9ea1d',
    'Which loop commonly iterates over a list?',
    'single_choice',
    'for loops iterate over sequences.',
    5,
    1,
    now(),
    now()
),
(
    '22369262-3632-5e12-b6d6-d45a82f5b481',
    '273b423d-02ae-54a9-bab8-278ec7e9ea1d',
    'What does None represent?',
    'single_choice',
    'None represents absence of a value.',
    6,
    1,
    now(),
    now()
),
(
    '0c06a55a-0b1f-5ebb-a5a0-b59660c51feb',
    '273b423d-02ae-54a9-bab8-278ec7e9ea1d',
    'What does with open(...) help with?',
    'single_choice',
    'with ensures file cleanup.',
    7,
    1,
    now(),
    now()
),
(
    'ad7fe486-ef64-505f-901a-018bf924945f',
    '273b423d-02ae-54a9-bab8-278ec7e9ea1d',
    'Which block handles exceptions?',
    'single_choice',
    'try/except handles exceptions.',
    8,
    1,
    now(),
    now()
),
(
    'ced9cdd1-b704-5bcb-b981-5dc101f250fa',
    '273b423d-02ae-54a9-bab8-278ec7e9ea1d',
    'Which collection is immutable?',
    'single_choice',
    'Tuples cannot be changed after creation.',
    9,
    1,
    now(),
    now()
),
(
    'cfe734ed-2c5a-5584-84ba-cf463ac76fd6',
    '273b423d-02ae-54a9-bab8-278ec7e9ea1d',
    'What is a module used for?',
    'single_choice',
    'Modules organize Python code.',
    10,
    1,
    now(),
    now()
);

INSERT INTO public.skill_module_quiz_option
(skill_module_quiz_option_id, skill_module_quiz_question_id, option_text, is_correct, explanation, order_index, created_at, updated_at)
VALUES
(
    '5a0fe0b4-1e1d-592d-92ad-f960da38cc8d',
    '664d49c2-d9bf-5236-8b68-6ea4bdd39aab',
    'head',
    FALSE,
    NULL,
    1,
    now(),
    now()
),
(
    '19a6c521-9c5b-56fc-b800-ccd918a67ed0',
    '664d49c2-d9bf-5236-8b68-6ea4bdd39aab',
    'body',
    TRUE,
    'Visible content belongs in the body element.',
    2,
    now(),
    now()
),
(
    '40f904b9-bc9c-5a87-948b-01c6aa5b3016',
    '664d49c2-d9bf-5236-8b68-6ea4bdd39aab',
    'meta',
    FALSE,
    NULL,
    3,
    now(),
    now()
),
(
    'f049b396-1b8e-557e-81e1-71919d20dbff',
    '664d49c2-d9bf-5236-8b68-6ea4bdd39aab',
    'title',
    FALSE,
    NULL,
    4,
    now(),
    now()
),
(
    '3d1706a0-0860-52e9-a663-68bfc2b2894e',
    '5b7f2868-50c2-5c4e-a903-791edcec988d',
    'Making text larger',
    FALSE,
    NULL,
    1,
    now(),
    now()
),
(
    'bc09a7ea-0b7f-5bb0-84a4-7abad586a6c9',
    '5b7f2868-50c2-5c4e-a903-791edcec988d',
    'Communicating meaning and structure',
    TRUE,
    'Semantic elements describe purpose and structure.',
    2,
    now(),
    now()
),
(
    '3affbc0b-5760-5f3d-b0c5-285afb7398bf',
    '5b7f2868-50c2-5c4e-a903-791edcec988d',
    'Replacing CSS',
    FALSE,
    NULL,
    3,
    now(),
    now()
),
(
    '4511209c-bcd4-5095-8946-76eb5a114575',
    '5b7f2868-50c2-5c4e-a903-791edcec988d',
    'Running JavaScript',
    FALSE,
    NULL,
    4,
    now(),
    now()
),
(
    'fbcc4093-41ed-58dd-8126-0e980d147c8a',
    'b893344c-40ef-5459-908b-cf3281860432',
    'title',
    FALSE,
    NULL,
    1,
    now(),
    now()
),
(
    '861a7973-1613-5842-8d2d-0319add4f527',
    'b893344c-40ef-5459-908b-cf3281860432',
    'src',
    FALSE,
    NULL,
    2,
    now(),
    now()
),
(
    '69dce922-d926-589d-842c-891dc83b39e7',
    'b893344c-40ef-5459-908b-cf3281860432',
    'alt',
    TRUE,
    'The alt attribute gives text alternatives.',
    3,
    now(),
    now()
),
(
    '4d104292-028b-5067-bb5d-a09409679855',
    'b893344c-40ef-5459-908b-cf3281860432',
    'href',
    FALSE,
    NULL,
    4,
    now(),
    now()
),
(
    'b20be076-e567-56ef-a6b9-e7a5a2e846d6',
    'de47ac1e-513c-597c-ae70-47f6ba75aa04',
    'The destination or action',
    TRUE,
    'Good link text makes the destination clear.',
    1,
    now(),
    now()
),
(
    'e9c9ec03-cee2-5abc-8850-df0f846c1f2e',
    'de47ac1e-513c-597c-ae70-47f6ba75aa04',
    'The CSS class',
    FALSE,
    NULL,
    2,
    now(),
    now()
),
(
    '6e0ce19e-41b0-5076-ab59-0892b1e4f1a6',
    'de47ac1e-513c-597c-ae70-47f6ba75aa04',
    'The page author',
    FALSE,
    NULL,
    3,
    now(),
    now()
),
(
    'ca9280fd-c6c7-50c9-9a94-e8c7ad2d7e99',
    'de47ac1e-513c-597c-ae70-47f6ba75aa04',
    'The browser version',
    FALSE,
    NULL,
    4,
    now(),
    now()
),
(
    '29678a52-0b97-598c-9e5d-7448042cdef1',
    '230afcc8-7982-562f-9cc1-d7ec8ef7529a',
    'section',
    FALSE,
    NULL,
    1,
    now(),
    now()
),
(
    '8b799bf8-ac57-51e5-806c-d818ec642dc8',
    '230afcc8-7982-562f-9cc1-d7ec8ef7529a',
    'main',
    TRUE,
    'main identifies the primary content area.',
    2,
    now(),
    now()
),
(
    '4f31c660-fe28-5cbc-a275-cf1b70cb5a1e',
    '230afcc8-7982-562f-9cc1-d7ec8ef7529a',
    'aside',
    FALSE,
    NULL,
    3,
    now(),
    now()
),
(
    'a138d45e-74ea-5f3a-ae8e-6a73c6db3a61',
    '230afcc8-7982-562f-9cc1-d7ec8ef7529a',
    'span',
    FALSE,
    NULL,
    4,
    now(),
    now()
),
(
    '96f2a383-4a47-5ca4-8f65-e918f6446005',
    'b0086f80-9525-5e49-b33b-d48eecb312af',
    'They replace server validation',
    FALSE,
    NULL,
    1,
    now(),
    now()
),
(
    '05fdecc8-ff45-53a1-9795-383d4921bcb0',
    'b0086f80-9525-5e49-b33b-d48eecb312af',
    'They connect text with inputs',
    TRUE,
    'Labels make inputs understandable and easier to activate.',
    2,
    now(),
    now()
),
(
    'a215db1a-7fce-509f-bce4-1593f6fdec6f',
    'b0086f80-9525-5e49-b33b-d48eecb312af',
    'They create CSS automatically',
    FALSE,
    NULL,
    3,
    now(),
    now()
),
(
    '420ce058-4246-5729-b1ee-0845171e3915',
    'b0086f80-9525-5e49-b33b-d48eecb312af',
    'They submit data',
    FALSE,
    NULL,
    4,
    now(),
    now()
),
(
    'e31812a6-f1fb-513d-b657-ee1caaea4c1f',
    'd2706580-30cd-5ef3-a56a-98258ca15b12',
    'text',
    FALSE,
    NULL,
    1,
    now(),
    now()
),
(
    'cc9b8f0a-1dd6-58d7-9f89-ca3410781970',
    'd2706580-30cd-5ef3-a56a-98258ca15b12',
    'mail',
    FALSE,
    NULL,
    2,
    now(),
    now()
),
(
    '66189a3a-8d83-5a0e-9c34-6f6e54b8e870',
    'd2706580-30cd-5ef3-a56a-98258ca15b12',
    'email',
    TRUE,
    'type=email enables browser email-format checks.',
    3,
    now(),
    now()
),
(
    '17607d8b-d831-5f0c-aa2d-e939c6982224',
    'd2706580-30cd-5ef3-a56a-98258ca15b12',
    'address',
    FALSE,
    NULL,
    4,
    now(),
    now()
),
(
    '65713dfd-39fa-5438-abb8-10ff369b2da3',
    'd4235a57-fb91-5b98-9862-d95782502ba4',
    'Metadata',
    TRUE,
    'head contains metadata such as title and charset.',
    1,
    now(),
    now()
),
(
    '70a8361a-463f-5ce2-ab4d-c540c0c1e2e4',
    'd4235a57-fb91-5b98-9862-d95782502ba4',
    'Only images',
    FALSE,
    NULL,
    2,
    now(),
    now()
),
(
    'c7e279ab-60e1-5bf1-bc21-1c1d78e1f0ab',
    'd4235a57-fb91-5b98-9862-d95782502ba4',
    'Visible paragraphs',
    FALSE,
    NULL,
    3,
    now(),
    now()
),
(
    '1eb28d44-3b6c-5aa4-bd14-a6be9c993780',
    'd4235a57-fb91-5b98-9862-d95782502ba4',
    'Form buttons',
    FALSE,
    NULL,
    4,
    now(),
    now()
),
(
    '0f2f1c14-9243-59b2-9fda-5bc8136727b7',
    '19fd3433-fd65-5e07-a1bd-835700c5bd4b',
    'Every paragraph',
    FALSE,
    NULL,
    1,
    now(),
    now()
),
(
    '94129ff1-18ab-5779-94f7-9788b15b2b09',
    '19fd3433-fd65-5e07-a1bd-835700c5bd4b',
    'The main page heading',
    TRUE,
    'h1 should normally represent the main page heading.',
    2,
    now(),
    now()
),
(
    '69c310a7-103b-5e88-b347-a37c3814bf5a',
    '19fd3433-fd65-5e07-a1bd-835700c5bd4b',
    'A button label',
    FALSE,
    NULL,
    3,
    now(),
    now()
),
(
    '9acb50b2-ecd5-5ece-9931-6bb7070ad4d3',
    '19fd3433-fd65-5e07-a1bd-835700c5bd4b',
    'An image caption',
    FALSE,
    NULL,
    4,
    now(),
    now()
),
(
    'dfb6c59e-288b-5a1e-b373-70369905c205',
    'b80dc6c9-d4a1-5e30-b4d5-d0bc440fc34c',
    'id',
    FALSE,
    NULL,
    1,
    now(),
    now()
),
(
    '37efe755-b885-591f-bbb4-a1ef7a312558',
    'b80dc6c9-d4a1-5e30-b4d5-d0bc440fc34c',
    'class',
    FALSE,
    NULL,
    2,
    now(),
    now()
),
(
    'ba6324b3-5060-5835-80b2-d8578a87f6d8',
    'b80dc6c9-d4a1-5e30-b4d5-d0bc440fc34c',
    'name',
    TRUE,
    'The name attribute identifies the submitted field value.',
    3,
    now(),
    now()
),
(
    '13e7bee3-5ec1-565a-a7ee-22d7a2338e67',
    'b80dc6c9-d4a1-5e30-b4d5-d0bc440fc34c',
    'placeholder',
    FALSE,
    NULL,
    4,
    now(),
    now()
),
(
    '9c241c62-3ea4-50e5-9280-7b84ed3e1859',
    'f7df29b2-7f13-5c52-9c80-6770ae441343',
    'card',
    FALSE,
    NULL,
    1,
    now(),
    now()
),
(
    'c48a5c3a-ba4d-56a7-a2a5-12fdd3baa93a',
    'f7df29b2-7f13-5c52-9c80-6770ae441343',
    '#card',
    FALSE,
    NULL,
    2,
    now(),
    now()
),
(
    '03c62253-7fb9-5db4-a8e8-b4a5258f07de',
    'f7df29b2-7f13-5c52-9c80-6770ae441343',
    '.card',
    TRUE,
    'Class selectors start with a dot.',
    3,
    now(),
    now()
),
(
    'dd568e2e-5599-53d0-9c95-a6940cb0d455',
    'f7df29b2-7f13-5c52-9c80-6770ae441343',
    '*card',
    FALSE,
    NULL,
    4,
    now(),
    now()
),
(
    '17e13613-cb9b-5fd0-9b5b-a9a0ad4f0eb4',
    '35098fc3-1b51-5fdd-8976-47005dcbcc3d',
    'Outside margin',
    FALSE,
    NULL,
    1,
    now(),
    now()
),
(
    '27d8690c-ee22-540f-90d2-2997ed9771e6',
    '35098fc3-1b51-5fdd-8976-47005dcbcc3d',
    'Inside the border',
    TRUE,
    'Padding sits between content and border.',
    2,
    now(),
    now()
),
(
    '47154b72-7bf0-5830-acca-7e865a942916',
    '35098fc3-1b51-5fdd-8976-47005dcbcc3d',
    'Between margin and border',
    FALSE,
    NULL,
    3,
    now(),
    now()
),
(
    '745a1e8e-e06f-5f6d-b2d6-21b4a5a6f65d',
    '35098fc3-1b51-5fdd-8976-47005dcbcc3d',
    'Outside the viewport',
    FALSE,
    NULL,
    4,
    now(),
    now()
),
(
    'd8c0d5bc-9da6-5d56-a98e-e6e280412a0f',
    'eb3e1e4d-aaca-58f6-b042-9f9675b75ca0',
    'Margin only',
    FALSE,
    NULL,
    1,
    now(),
    now()
),
(
    '2624ece8-3153-5c35-94a5-4b5b61eae62d',
    'eb3e1e4d-aaca-58f6-b042-9f9675b75ca0',
    'Padding and border',
    TRUE,
    'border-box includes content, padding, and border.',
    2,
    now(),
    now()
),
(
    '519916c7-e2e4-5646-a972-9186ae6b5554',
    'eb3e1e4d-aaca-58f6-b042-9f9675b75ca0',
    'Text color',
    FALSE,
    NULL,
    3,
    now(),
    now()
),
(
    '092c681f-22ff-52fc-9bb9-c1ec2c18db2d',
    'eb3e1e4d-aaca-58f6-b042-9f9675b75ca0',
    'Source order',
    FALSE,
    NULL,
    4,
    now(),
    now()
),
(
    'e3e411ae-c03a-52fa-a6fe-3133fa55eca8',
    'e51d0753-03ba-57b6-8c7f-83283c442524',
    'position: flex',
    FALSE,
    NULL,
    1,
    now(),
    now()
),
(
    'c9e9bf46-0983-5469-be8a-f5c0799cc926',
    'e51d0753-03ba-57b6-8c7f-83283c442524',
    'display: flex',
    TRUE,
    'Flexbox starts with display:flex on the container.',
    2,
    now(),
    now()
),
(
    '73c357c5-1f58-5531-b0c1-9b0901b62719',
    'e51d0753-03ba-57b6-8c7f-83283c442524',
    'layout: flex',
    FALSE,
    NULL,
    3,
    now(),
    now()
),
(
    'c044f1cc-4e82-563c-b60a-0a17cc5a15cf',
    'e51d0753-03ba-57b6-8c7f-83283c442524',
    'flex: display',
    FALSE,
    NULL,
    4,
    now(),
    now()
),
(
    'fa25da30-2678-5331-8ca7-b9d0e3761700',
    '9c450fe8-81af-545c-bd8d-de3cc5c5064a',
    'Text weight',
    FALSE,
    NULL,
    1,
    now(),
    now()
),
(
    'c9edd4f2-7d7f-5151-918b-1fa73a70c8ae',
    '9c450fe8-81af-545c-bd8d-de3cc5c5064a',
    'Space between items',
    TRUE,
    'gap creates space between child items.',
    2,
    now(),
    now()
),
(
    '6671e7b7-481d-5f97-8758-f941e2adbc76',
    '9c450fe8-81af-545c-bd8d-de3cc5c5064a',
    'Viewport width',
    FALSE,
    NULL,
    3,
    now(),
    now()
),
(
    '9af3514a-a307-513d-9275-a354548e4c60',
    '9c450fe8-81af-545c-bd8d-de3cc5c5064a',
    'Selector priority',
    FALSE,
    NULL,
    4,
    now(),
    now()
),
(
    'b943d3ab-6295-5ee9-b64c-e2b8ddd42bc0',
    '369c240a-1d66-5f74-a5f0-b4809a8205a0',
    'Earlier rule',
    FALSE,
    NULL,
    1,
    now(),
    now()
),
(
    '45597b99-e1d8-5a47-896d-9f2ed6b93134',
    '369c240a-1d66-5f74-a5f0-b4809a8205a0',
    'Later rule',
    TRUE,
    'Later source order wins with equal specificity.',
    2,
    now(),
    now()
),
(
    '2fbb15b4-17da-56f5-bb07-21bb1f91f0dd',
    '369c240a-1d66-5f74-a5f0-b4809a8205a0',
    'Shorter selector',
    FALSE,
    NULL,
    3,
    now(),
    now()
),
(
    'bb2e39d1-a42b-501d-bc00-3a02864c6c95',
    '369c240a-1d66-5f74-a5f0-b4809a8205a0',
    'Alphabetical selector',
    FALSE,
    NULL,
    4,
    now(),
    now()
),
(
    '93e4bfcc-6684-5d54-b077-7d975595101f',
    'aaeef11d-4373-5115-b82f-00b339fc32b1',
    'Only supporting phones',
    FALSE,
    NULL,
    1,
    now(),
    now()
),
(
    '737a735e-2834-56c6-8b92-2d0ac6adb7a2',
    'aaeef11d-4373-5115-b82f-00b339fc32b1',
    'Writing base styles for small screens first',
    TRUE,
    'Mobile-first starts from small layouts then adds enhancements.',
    2,
    now(),
    now()
),
(
    '723c3f9a-d111-5903-b724-10e97a4b9ac6',
    'aaeef11d-4373-5115-b82f-00b339fc32b1',
    'Using only pixels',
    FALSE,
    NULL,
    3,
    now(),
    now()
),
(
    '2bd97302-e3b6-52b9-9724-44c4ded26a34',
    'aaeef11d-4373-5115-b82f-00b339fc32b1',
    'Avoiding media queries',
    FALSE,
    NULL,
    4,
    now(),
    now()
),
(
    '1beeb486-5a57-5939-b749-e49ab1a75a6b',
    'cf4065ad-e20b-5251-878b-a79878a9bf97',
    '@media (min-width: 768px)',
    TRUE,
    'min-width applies when viewport is at least that width.',
    1,
    now(),
    now()
),
(
    'a5894e70-c20b-5bfb-abb4-0658f5cb964c',
    'cf4065ad-e20b-5251-878b-a79878a9bf97',
    '@screen 768px',
    FALSE,
    NULL,
    2,
    now(),
    now()
),
(
    'de855f4d-ebff-572b-a928-c205e13a161d',
    'cf4065ad-e20b-5251-878b-a79878a9bf97',
    '@if width > 768',
    FALSE,
    NULL,
    3,
    now(),
    now()
),
(
    '8e9f02ce-6f3d-52ab-9d36-daef01fbd1b3',
    'cf4065ad-e20b-5251-878b-a79878a9bf97',
    '@large 768px',
    FALSE,
    NULL,
    4,
    now(),
    now()
),
(
    '1f8bec5a-1cca-5365-938d-0743267dde47',
    'f163eda9-d753-53a2-9215-3fd47ee6d4f2',
    'px',
    FALSE,
    NULL,
    1,
    now(),
    now()
),
(
    'a8b9ec5f-cbaa-586c-8cd7-719d01a6f1b6',
    'f163eda9-d753-53a2-9215-3fd47ee6d4f2',
    'rem',
    TRUE,
    'rem is based on the root font size.',
    2,
    now(),
    now()
),
(
    '1d5b2f6c-8483-5e25-9715-b070b33dd2cb',
    'f163eda9-d753-53a2-9215-3fd47ee6d4f2',
    'vh',
    FALSE,
    NULL,
    3,
    now(),
    now()
),
(
    '161ee41e-f1ea-50c4-8598-fb81c1ce6a03',
    'f163eda9-d753-53a2-9215-3fd47ee6d4f2',
    'ms',
    FALSE,
    NULL,
    4,
    now(),
    now()
),
(
    '13a707f1-3036-5b65-97c2-a4b8ec795897',
    '507b9704-8f24-5235-8986-7d7e3b567659',
    'Resolving competing CSS rules',
    TRUE,
    'Specificity helps decide which rule applies.',
    1,
    now(),
    now()
),
(
    '9823a735-b682-5afa-9b3a-841b9a88388b',
    '507b9704-8f24-5235-8986-7d7e3b567659',
    'Loading images',
    FALSE,
    NULL,
    2,
    now(),
    now()
),
(
    'e5087eef-fbb0-511f-8b11-cf8470d0e472',
    '507b9704-8f24-5235-8986-7d7e3b567659',
    'Submitting forms',
    FALSE,
    NULL,
    3,
    now(),
    now()
),
(
    '5a73cecb-322d-5007-9e25-17baeccd3a5a',
    '507b9704-8f24-5235-8986-7d7e3b567659',
    'Creating variables only',
    FALSE,
    NULL,
    4,
    now(),
    now()
),
(
    '41b1098e-0c10-5115-9455-57f4a702e477',
    'f75a6ba5-b98a-53cb-b8ee-b9b8bf22f394',
    'var',
    FALSE,
    NULL,
    1,
    now(),
    now()
),
(
    '1bdd25f5-4637-528b-8f92-4b18d424357b',
    'f75a6ba5-b98a-53cb-b8ee-b9b8bf22f394',
    'let',
    FALSE,
    NULL,
    2,
    now(),
    now()
),
(
    '3aa73b0a-528b-5132-b9af-95a31058d543',
    'f75a6ba5-b98a-53cb-b8ee-b9b8bf22f394',
    'const',
    TRUE,
    'const prevents reassignment of the binding.',
    3,
    now(),
    now()
),
(
    '69bdd53f-b060-5f64-9aa6-71e0d6a24a59',
    'f75a6ba5-b98a-53cb-b8ee-b9b8bf22f394',
    'static',
    FALSE,
    NULL,
    4,
    now(),
    now()
),
(
    'a4fef830-ef4d-5169-8f26-860e92fa285e',
    '44a052ed-80f5-5c3d-a95b-80d93c452759',
    'true',
    TRUE,
    'Array.isArray checks whether a value is an array.',
    1,
    now(),
    now()
),
(
    'e784635c-5ee1-5a62-a390-6c235c42356f',
    '44a052ed-80f5-5c3d-a95b-80d93c452759',
    'false',
    FALSE,
    NULL,
    2,
    now(),
    now()
),
(
    'b4816448-3791-5493-ae1c-09c5885cfa2b',
    '44a052ed-80f5-5c3d-a95b-80d93c452759',
    'object',
    FALSE,
    NULL,
    3,
    now(),
    now()
),
(
    'e1e0ce54-c59c-57cb-93d2-1838274b556d',
    '44a052ed-80f5-5c3d-a95b-80d93c452759',
    'undefined',
    FALSE,
    NULL,
    4,
    now(),
    now()
),
(
    '185316f7-fe91-5a35-9474-e6258564ab99',
    '91f5d0d6-3e03-5146-b23d-e2b9edf8873c',
    'for...of',
    TRUE,
    'for...of iterates values.',
    1,
    now(),
    now()
),
(
    '1a4caa18-b053-5cc9-9edb-490655ec042c',
    '91f5d0d6-3e03-5146-b23d-e2b9edf8873c',
    'for...in only',
    FALSE,
    NULL,
    2,
    now(),
    now()
),
(
    '17c573b1-9d9c-5891-9ec1-5e74f5049ee2',
    '91f5d0d6-3e03-5146-b23d-e2b9edf8873c',
    'while...property',
    FALSE,
    NULL,
    3,
    now(),
    now()
),
(
    'eec5f08c-00f7-5531-8a27-c51c31576ade',
    '91f5d0d6-3e03-5146-b23d-e2b9edf8873c',
    'switch',
    FALSE,
    NULL,
    4,
    now(),
    now()
),
(
    'ad3e1317-40a0-5a33-b4eb-fc9b783a5e3f',
    '49397d4c-4f67-5538-9bed-60cfad6bff14',
    'Many unrelated tasks',
    FALSE,
    NULL,
    1,
    now(),
    now()
),
(
    '7d22a57c-9b2b-50fc-b3aa-3d93173d83e3',
    '49397d4c-4f67-5538-9bed-60cfad6bff14',
    'A clear responsibility',
    TRUE,
    'Focused functions are easier to reuse and test.',
    2,
    now(),
    now()
),
(
    '47a39c9a-35c4-5978-927f-b1e859da06cc',
    '49397d4c-4f67-5538-9bed-60cfad6bff14',
    'Hidden global mutation',
    FALSE,
    NULL,
    3,
    now(),
    now()
),
(
    '40f4475b-735e-58b7-a6f2-a88e9c988c7a',
    '49397d4c-4f67-5538-9bed-60cfad6bff14',
    'No return ever',
    FALSE,
    NULL,
    4,
    now(),
    now()
),
(
    '2917378b-6bce-5986-a746-0f8d9f5ae14b',
    '62526fb6-d090-546c-9b56-9ca42b3e1926',
    'filter',
    FALSE,
    NULL,
    1,
    now(),
    now()
),
(
    'eed4ba6e-2db9-5cd4-9879-b4588c23fdeb',
    '62526fb6-d090-546c-9b56-9ca42b3e1926',
    'map',
    TRUE,
    'map transforms each item.',
    2,
    now(),
    now()
),
(
    '8caf52bd-7b51-5d82-a20c-92f404f25025',
    '62526fb6-d090-546c-9b56-9ca42b3e1926',
    'find',
    FALSE,
    NULL,
    3,
    now(),
    now()
),
(
    '8874a03f-2995-57ae-9a32-f07e3da8a0ee',
    '62526fb6-d090-546c-9b56-9ca42b3e1926',
    'some',
    FALSE,
    NULL,
    4,
    now(),
    now()
),
(
    'f3bb966f-fac0-5c8c-8993-f647c85796c9',
    'c09eebc5-feca-56f0-9062-6118a18cf157',
    'find',
    TRUE,
    'find returns the first item matching a predicate.',
    1,
    now(),
    now()
),
(
    'c96d4951-c242-557a-9a0a-86421c7404ec',
    'c09eebc5-feca-56f0-9062-6118a18cf157',
    'map',
    FALSE,
    NULL,
    2,
    now(),
    now()
),
(
    '33af0106-31ee-5818-b113-4b443cf110b4',
    'c09eebc5-feca-56f0-9062-6118a18cf157',
    'reduce',
    FALSE,
    NULL,
    3,
    now(),
    now()
),
(
    'ca4444a1-a013-5b4d-bfae-0500c1e97718',
    'c09eebc5-feca-56f0-9062-6118a18cf157',
    'push',
    FALSE,
    NULL,
    4,
    now(),
    now()
),
(
    '7ce9e135-ad6b-5b4e-8acc-030b3b6d8d8e',
    '1588b1ad-5a2c-5ed7-a8df-ed5e99e5bdba',
    'A database engine',
    FALSE,
    NULL,
    1,
    now(),
    now()
),
(
    'd92beeea-6392-5754-a6d3-5b54e4cf9eb4',
    '1588b1ad-5a2c-5ed7-a8df-ed5e99e5bdba',
    'Browser representation of the page',
    TRUE,
    'DOM represents the document in the browser.',
    2,
    now(),
    now()
),
(
    'bba039e8-0313-5b67-8d7f-124692967a1a',
    '1588b1ad-5a2c-5ed7-a8df-ed5e99e5bdba',
    'A CSS variable type',
    FALSE,
    NULL,
    3,
    now(),
    now()
),
(
    'e088dabb-073a-59c7-97e9-f8aca324887a',
    '1588b1ad-5a2c-5ed7-a8df-ed5e99e5bdba',
    'A package manager',
    FALSE,
    NULL,
    4,
    now(),
    now()
),
(
    '3dd31639-2ec6-5b41-897a-a2a013616341',
    'fa8481da-eef6-5351-89f9-81c0f1158227',
    'listenClick',
    FALSE,
    NULL,
    1,
    now(),
    now()
),
(
    '4afbfbcb-66d9-5fe7-91fe-d769322f94cb',
    'fa8481da-eef6-5351-89f9-81c0f1158227',
    'addEventListener',
    TRUE,
    'addEventListener registers event handlers.',
    2,
    now(),
    now()
),
(
    'ad62b477-b061-5827-9763-8d02757c4fe6',
    'fa8481da-eef6-5351-89f9-81c0f1158227',
    'onEventOnly',
    FALSE,
    NULL,
    3,
    now(),
    now()
),
(
    'ed662e3f-b2cf-542a-a7ac-ccfef5679ff0',
    'fa8481da-eef6-5351-89f9-81c0f1158227',
    'registerDOM',
    FALSE,
    NULL,
    4,
    now(),
    now()
),
(
    '36e0e7fd-9c12-5c71-b762-af839bd289ba',
    '2a5c9a67-f117-5dea-9137-47216dc9fd23',
    'Handling code that can throw',
    TRUE,
    'try...catch handles exceptions.',
    1,
    now(),
    now()
),
(
    'd0c0a239-ffd4-5ffc-8c93-ff8f24c82257',
    '2a5c9a67-f117-5dea-9137-47216dc9fd23',
    'Changing CSS specificity',
    FALSE,
    NULL,
    2,
    now(),
    now()
),
(
    '9cf320a8-ee54-5cab-8ea5-1f726bb44114',
    '2a5c9a67-f117-5dea-9137-47216dc9fd23',
    'Declaring constants',
    FALSE,
    NULL,
    3,
    now(),
    now()
),
(
    'cff8376b-0c71-510c-b452-a8a1f627cc18',
    '2a5c9a67-f117-5dea-9137-47216dc9fd23',
    'Creating HTML headings',
    FALSE,
    NULL,
    4,
    now(),
    now()
),
(
    '28b28e5e-c218-5267-a9cb-2d0023452a78',
    '0110a404-112f-59cb-9ca7-10b33667be31',
    'array',
    FALSE,
    NULL,
    1,
    now(),
    now()
),
(
    'b05344c6-c2ce-5c24-ac59-520b7d7415af',
    '0110a404-112f-59cb-9ca7-10b33667be31',
    'object',
    TRUE,
    'Arrays are objects at the typeof level.',
    2,
    now(),
    now()
),
(
    'd1293741-cfbd-5808-90a0-1d9b6b047e2a',
    '0110a404-112f-59cb-9ca7-10b33667be31',
    'list',
    FALSE,
    NULL,
    3,
    now(),
    now()
),
(
    '77e1528e-c305-5dac-8d35-c16d798686f2',
    '0110a404-112f-59cb-9ca7-10b33667be31',
    'undefined',
    FALSE,
    NULL,
    4,
    now(),
    now()
),
(
    'c7e284be-e440-5356-9eee-e188c0db8cd5',
    '391fb4e1-c953-5a9e-99e0-7224e3770c75',
    'start()',
    FALSE,
    NULL,
    1,
    now(),
    now()
),
(
    'd1160fca-5d2e-5383-a1bc-5778131e712e',
    '391fb4e1-c953-5a9e-99e0-7224e3770c75',
    'main(String[] args)',
    TRUE,
    'The main method is the conventional entry point.',
    2,
    now(),
    now()
),
(
    '439969fa-640e-5660-a7b8-4e3aa0c504a8',
    '391fb4e1-c953-5a9e-99e0-7224e3770c75',
    'runMain()',
    FALSE,
    NULL,
    3,
    now(),
    now()
),
(
    'cb054317-ee35-5836-816f-ce16c209c37f',
    '391fb4e1-c953-5a9e-99e0-7224e3770c75',
    'index()',
    FALSE,
    NULL,
    4,
    now(),
    now()
),
(
    'c5d5f6f6-4ad8-51b9-9e16-8929671b61ea',
    '744bdef1-a296-5e1b-998b-0d694e3a1a97',
    'Yes',
    TRUE,
    'Java variables have declared types.',
    1,
    now(),
    now()
),
(
    'c0a75315-e02c-5a2d-8410-e2a7bd220a17',
    '744bdef1-a296-5e1b-998b-0d694e3a1a97',
    'No',
    FALSE,
    NULL,
    2,
    now(),
    now()
),
(
    '765c4ab3-057b-5642-8f12-eafc62a717e7',
    '744bdef1-a296-5e1b-998b-0d694e3a1a97',
    'Only in browsers',
    FALSE,
    NULL,
    3,
    now(),
    now()
),
(
    '43f7c121-5816-5799-8062-aab615a965be',
    '744bdef1-a296-5e1b-998b-0d694e3a1a97',
    'Only with Spring',
    FALSE,
    NULL,
    4,
    now(),
    now()
),
(
    '5d7c0f25-1da5-5727-9895-2912d3004098',
    '66eeff04-7a6b-50a0-8662-f85b97be6543',
    'int',
    FALSE,
    NULL,
    1,
    now(),
    now()
),
(
    '9be78e93-ca4b-5e6b-aa93-cd78f4094810',
    '66eeff04-7a6b-50a0-8662-f85b97be6543',
    'String',
    FALSE,
    NULL,
    2,
    now(),
    now()
),
(
    '2190bda0-08c6-5f8d-ab2e-4318e61c29be',
    '66eeff04-7a6b-50a0-8662-f85b97be6543',
    'boolean',
    TRUE,
    'boolean stores true/false values.',
    3,
    now(),
    now()
),
(
    '56ad7dec-ecb6-5d8f-aacd-04b91c360281',
    '66eeff04-7a6b-50a0-8662-f85b97be6543',
    'double',
    FALSE,
    NULL,
    4,
    now(),
    now()
),
(
    '0998b639-08ae-578f-8db7-24d842a68a95',
    'fced44e3-f7ad-54a0-a9bf-3c5637f36ecd',
    'A comment',
    FALSE,
    NULL,
    1,
    now(),
    now()
),
(
    '338c9b84-225e-507d-a643-399c7ce04abc',
    'fced44e3-f7ad-54a0-a9bf-3c5637f36ecd',
    'A constructor',
    TRUE,
    'Constructors initialize new objects.',
    2,
    now(),
    now()
),
(
    '2cdec6fa-629a-5453-8340-8ffe1a9092e1',
    'fced44e3-f7ad-54a0-a9bf-3c5637f36ecd',
    'A package name',
    FALSE,
    NULL,
    3,
    now(),
    now()
),
(
    'e6e549b6-67dd-51a0-bd10-95f683fff53d',
    'fced44e3-f7ad-54a0-a9bf-3c5637f36ecd',
    'A semicolon',
    FALSE,
    NULL,
    4,
    now(),
    now()
),
(
    'a83e4ca4-17fd-5e54-b6ee-e42be4776ee7',
    '78380c9e-e358-57e9-87bf-9b073888e9cf',
    'Only one fixed item',
    FALSE,
    NULL,
    1,
    now(),
    now()
),
(
    '65aa6977-1bac-5893-a98a-cf65a965a591',
    '78380c9e-e358-57e9-87bf-9b073888e9cf',
    'A resizable list',
    TRUE,
    'ArrayList is a resizable list.',
    2,
    now(),
    now()
),
(
    '10b17ba4-9b44-588c-bba2-7e955009cd73',
    '78380c9e-e358-57e9-87bf-9b073888e9cf',
    'CSS rules',
    FALSE,
    NULL,
    3,
    now(),
    now()
),
(
    '36fa6558-a642-550f-a468-ed21e92ba435',
    '78380c9e-e358-57e9-87bf-9b073888e9cf',
    'Database rows only',
    FALSE,
    NULL,
    4,
    now(),
    now()
),
(
    'c7ede23a-5f90-539b-94f3-71c349ed737c',
    'd767fe5f-b6f0-5b30-b71e-7d1d6bb8a36a',
    'catch',
    TRUE,
    'catch handles thrown exceptions.',
    1,
    now(),
    now()
),
(
    '9ba636b2-79b7-5ec7-ae81-83002ff05e4f',
    'd767fe5f-b6f0-5b30-b71e-7d1d6bb8a36a',
    'listen',
    FALSE,
    NULL,
    2,
    now(),
    now()
),
(
    '60a065ce-7e99-5e1f-8a12-5aa065b97c98',
    'd767fe5f-b6f0-5b30-b71e-7d1d6bb8a36a',
    'throwableOnly',
    FALSE,
    NULL,
    3,
    now(),
    now()
),
(
    'c33ef386-5f88-5d0b-9c0f-1c9d3aa98190',
    'd767fe5f-b6f0-5b30-b71e-7d1d6bb8a36a',
    'guard',
    FALSE,
    NULL,
    4,
    now(),
    now()
),
(
    'e23e0444-ccdb-5121-9ec5-b452a41bbe2b',
    'a5addcff-67dd-5288-a99c-d17452291145',
    'To specify element type',
    TRUE,
    'Generics tell the compiler the list element type.',
    1,
    now(),
    now()
),
(
    '1e9ba3b2-44ed-511a-9e33-8535036e5cff',
    'a5addcff-67dd-5288-a99c-d17452291145',
    'To remove imports',
    FALSE,
    NULL,
    2,
    now(),
    now()
),
(
    'c72881d4-185a-5558-b1f0-3a823e082575',
    'a5addcff-67dd-5288-a99c-d17452291145',
    'To skip compilation',
    FALSE,
    NULL,
    3,
    now(),
    now()
),
(
    '7b1cb1fc-d3ac-509b-8b1b-806bc0fe977d',
    'a5addcff-67dd-5288-a99c-d17452291145',
    'To rename classes',
    FALSE,
    NULL,
    4,
    now(),
    now()
),
(
    '0c8b8a86-f4aa-5f69-aeff-dc83595e98dd',
    '463da0a8-969c-5835-828c-02500c426499',
    ':',
    FALSE,
    NULL,
    1,
    now(),
    now()
),
(
    'df3ecb51-b9cf-58aa-8f7a-fcf5c7e1a4fc',
    '463da0a8-969c-5835-828c-02500c426499',
    ';',
    TRUE,
    'Most Java statements end with semicolons.',
    2,
    now(),
    now()
),
(
    '6320ea19-f271-5389-b34f-9616c63ed838',
    '463da0a8-969c-5835-828c-02500c426499',
    '.',
    FALSE,
    NULL,
    3,
    now(),
    now()
),
(
    '893c9e28-87d2-5de0-9a0d-a20bb18b65e1',
    '463da0a8-969c-5835-828c-02500c426499',
    ',',
    FALSE,
    NULL,
    4,
    now(),
    now()
),
(
    '42037380-6a19-5d08-bfab-1245aacec140',
    '4526cb1e-191d-530e-9cd5-3ffb4f02c3f3',
    'An instance of a class',
    TRUE,
    'Objects are class instances.',
    1,
    now(),
    now()
),
(
    '8d8b1b56-73b5-5db9-a021-bbecca0c3c10',
    '4526cb1e-191d-530e-9cd5-3ffb4f02c3f3',
    'Only a file',
    FALSE,
    NULL,
    2,
    now(),
    now()
),
(
    '534ecd25-ab9d-5723-861d-955e90dce05d',
    '4526cb1e-191d-530e-9cd5-3ffb4f02c3f3',
    'A compiler flag',
    FALSE,
    NULL,
    3,
    now(),
    now()
),
(
    '9a4c514c-cce0-5d82-b847-f4ad0ba247c5',
    '4526cb1e-191d-530e-9cd5-3ffb4f02c3f3',
    'A package folder',
    FALSE,
    NULL,
    4,
    now(),
    now()
),
(
    '551f03e4-e508-5462-8a3b-bbf15b97037c',
    '3d404e35-051e-51ef-8d76-7ef59061e5db',
    'java.io.ArrayList',
    FALSE,
    NULL,
    1,
    now(),
    now()
),
(
    '0f73783a-2c72-5aee-92ba-7fe4c0c46b5d',
    '3d404e35-051e-51ef-8d76-7ef59061e5db',
    'java.util.ArrayList',
    TRUE,
    'ArrayList is in java.util.',
    2,
    now(),
    now()
),
(
    'd80106c8-3dd8-5ebb-8ad0-daa59373c2fa',
    '3d404e35-051e-51ef-8d76-7ef59061e5db',
    'java.web.ArrayList',
    FALSE,
    NULL,
    3,
    now(),
    now()
),
(
    '35dd85f5-fac3-5337-98a5-0883d7ebaced',
    '3d404e35-051e-51ef-8d76-7ef59061e5db',
    'java.main.ArrayList',
    FALSE,
    NULL,
    4,
    now(),
    now()
),
(
    '38dddf8d-89f7-5f73-94c4-31fdfcb52b8c',
    '5b157020-741a-5b0d-8883-e03571b735c5',
    'Curly braces',
    FALSE,
    NULL,
    1,
    now(),
    now()
),
(
    '71f1f8f0-20cb-5aca-8cb6-278b35af3637',
    '5b157020-741a-5b0d-8883-e03571b735c5',
    'Indentation',
    TRUE,
    'Python uses indentation for blocks.',
    2,
    now(),
    now()
),
(
    '6f32de15-d392-5d58-a649-88313c3520e7',
    '5b157020-741a-5b0d-8883-e03571b735c5',
    'Semicolons only',
    FALSE,
    NULL,
    3,
    now(),
    now()
),
(
    'ccfbe2a4-e4b6-5805-9b0d-abc5a7171f39',
    '5b157020-741a-5b0d-8883-e03571b735c5',
    'XML tags',
    FALSE,
    NULL,
    4,
    now(),
    now()
),
(
    '0ac63d0f-e486-525c-b347-5e97d917aa4e',
    '3fc28311-1ff6-5434-8419-d21b01c463e8',
    'func',
    FALSE,
    NULL,
    1,
    now(),
    now()
),
(
    'dcdbf190-ccd3-5f0a-b36c-ba33a0eaf8c7',
    '3fc28311-1ff6-5434-8419-d21b01c463e8',
    'def',
    TRUE,
    'Python functions are defined with def.',
    2,
    now(),
    now()
),
(
    'a02ec82a-3d24-5837-abd5-65f7de4433a4',
    '3fc28311-1ff6-5434-8419-d21b01c463e8',
    'function',
    FALSE,
    NULL,
    3,
    now(),
    now()
),
(
    '912423fa-4ec1-5f01-88af-86a687fa2286',
    '3fc28311-1ff6-5434-8419-d21b01c463e8',
    'method',
    FALSE,
    NULL,
    4,
    now(),
    now()
),
(
    '8f56e2d3-9821-5ea6-97f5-fb4b0ac56b9f',
    'c948cb53-6a42-5aff-9d02-1da17dd13bf1',
    'list',
    FALSE,
    NULL,
    1,
    now(),
    now()
),
(
    'c282f94b-9602-5d75-96a0-813fe10ea1c0',
    'c948cb53-6a42-5aff-9d02-1da17dd13bf1',
    'tuple',
    FALSE,
    NULL,
    2,
    now(),
    now()
),
(
    '9341f5bf-7426-5e58-91db-00c3a687f7e3',
    'c948cb53-6a42-5aff-9d02-1da17dd13bf1',
    'dictionary',
    TRUE,
    'Dictionaries map keys to values.',
    3,
    now(),
    now()
),
(
    'c61aad2f-e2ac-5038-a4d5-e29d80612f60',
    'c948cb53-6a42-5aff-9d02-1da17dd13bf1',
    'range',
    FALSE,
    NULL,
    4,
    now(),
    now()
),
(
    '80f9e9b4-ffe3-55b9-8b5f-7cd10aa91565',
    'e3a732b0-1065-5649-a014-3a309c1ec578',
    'f-string',
    TRUE,
    'f-strings embed expressions in strings.',
    1,
    now(),
    now()
),
(
    '66d3175f-f3f0-59f4-ba63-12a534a80256',
    'e3a732b0-1065-5649-a014-3a309c1ec578',
    'p-string',
    FALSE,
    NULL,
    2,
    now(),
    now()
),
(
    '0849c4ab-8f0e-5ee5-adba-283145fc3cc5',
    'e3a732b0-1065-5649-a014-3a309c1ec578',
    'html string',
    FALSE,
    NULL,
    3,
    now(),
    now()
),
(
    'bb551eed-f33d-5c60-8553-b13285463336',
    'e3a732b0-1065-5649-a014-3a309c1ec578',
    'query string',
    FALSE,
    NULL,
    4,
    now(),
    now()
),
(
    'a6aca23a-cdef-58a2-9772-e8fe86380200',
    '5302f25c-e965-555e-83af-055b0657092d',
    'for',
    TRUE,
    'for loops iterate over sequences.',
    1,
    now(),
    now()
),
(
    'ec811ea2-3950-5a50-bb6a-6e3397a6efc1',
    '5302f25c-e965-555e-83af-055b0657092d',
    'switch',
    FALSE,
    NULL,
    2,
    now(),
    now()
),
(
    '089abfee-c483-50f4-ba4e-b3f156efa0c9',
    '5302f25c-e965-555e-83af-055b0657092d',
    'foreach only',
    FALSE,
    NULL,
    3,
    now(),
    now()
),
(
    'c58ae103-221f-5c59-a430-6216d325687e',
    '5302f25c-e965-555e-83af-055b0657092d',
    'repeat',
    FALSE,
    NULL,
    4,
    now(),
    now()
),
(
    '6adc5529-1a67-587b-835b-0e5ffd77c428',
    '22369262-3632-5e12-b6d6-d45a82f5b481',
    'No value',
    TRUE,
    'None represents absence of a value.',
    1,
    now(),
    now()
),
(
    '6aef35c0-7d0a-5c2e-b1e7-412ab15f6b83',
    '22369262-3632-5e12-b6d6-d45a82f5b481',
    'A number',
    FALSE,
    NULL,
    2,
    now(),
    now()
),
(
    '073af848-8fd2-5050-bd4f-cf0df9030314',
    '22369262-3632-5e12-b6d6-d45a82f5b481',
    'A file',
    FALSE,
    NULL,
    3,
    now(),
    now()
),
(
    'a2a670a5-b2e3-5ee1-96db-ecac7eb3c039',
    '22369262-3632-5e12-b6d6-d45a82f5b481',
    'A loop',
    FALSE,
    NULL,
    4,
    now(),
    now()
),
(
    'feba7755-18ee-5acc-b190-a500cde34128',
    '0c06a55a-0b1f-5ebb-a5a0-b59660c51feb',
    'Automatically closing the file',
    TRUE,
    'with ensures file cleanup.',
    1,
    now(),
    now()
),
(
    'b14b6e2c-4f46-5ea3-9174-3d516094b575',
    '0c06a55a-0b1f-5ebb-a5a0-b59660c51feb',
    'Increasing CPU speed',
    FALSE,
    NULL,
    2,
    now(),
    now()
),
(
    '8b1b2bbf-b7c1-5baa-8df4-31fbafdeb7a5',
    '0c06a55a-0b1f-5ebb-a5a0-b59660c51feb',
    'Creating a class',
    FALSE,
    NULL,
    3,
    now(),
    now()
),
(
    '93f984d1-923f-5bc0-a76c-eb5e2ed73e81',
    '0c06a55a-0b1f-5ebb-a5a0-b59660c51feb',
    'Installing packages',
    FALSE,
    NULL,
    4,
    now(),
    now()
),
(
    '687154bc-6bb6-5de1-a2e5-d1fc88411c8e',
    'ad7fe486-ef64-505f-901a-018bf924945f',
    'try/except',
    TRUE,
    'try/except handles exceptions.',
    1,
    now(),
    now()
),
(
    '04641ce0-b07f-5b22-a3ee-23f5ab0940d5',
    'ad7fe486-ef64-505f-901a-018bf924945f',
    'if/import',
    FALSE,
    NULL,
    2,
    now(),
    now()
),
(
    '1f365702-8223-589e-8396-1da11fd2c04c',
    'ad7fe486-ef64-505f-901a-018bf924945f',
    'for/def',
    FALSE,
    NULL,
    3,
    now(),
    now()
),
(
    '7266250f-50aa-56c4-a2b5-fa3528af84b0',
    'ad7fe486-ef64-505f-901a-018bf924945f',
    'class/list',
    FALSE,
    NULL,
    4,
    now(),
    now()
),
(
    '26f5ec49-5991-5476-aa67-d7c4a0fbe71d',
    'ced9cdd1-b704-5bcb-b981-5dc101f250fa',
    'list',
    FALSE,
    NULL,
    1,
    now(),
    now()
),
(
    'f98047cb-2f39-5a40-b6ad-b7cafda21885',
    'ced9cdd1-b704-5bcb-b981-5dc101f250fa',
    'dictionary',
    FALSE,
    NULL,
    2,
    now(),
    now()
),
(
    '4ff7c73d-4f2a-589f-939c-0bad3cd76b6e',
    'ced9cdd1-b704-5bcb-b981-5dc101f250fa',
    'tuple',
    TRUE,
    'Tuples cannot be changed after creation.',
    3,
    now(),
    now()
),
(
    '28a6af84-e72f-53e1-8621-2355940f3bb9',
    'ced9cdd1-b704-5bcb-b981-5dc101f250fa',
    'set only',
    FALSE,
    NULL,
    4,
    now(),
    now()
),
(
    '5d8fbe22-a3d7-5f18-8a82-97a9db000b4d',
    'cfe734ed-2c5a-5584-84ba-cf463ac76fd6',
    'Organizing reusable code',
    TRUE,
    'Modules organize Python code.',
    1,
    now(),
    now()
),
(
    '558197e6-0108-5e53-892c-dfb77bbcbad6',
    'cfe734ed-2c5a-5584-84ba-cf463ac76fd6',
    'Only styling pages',
    FALSE,
    NULL,
    2,
    now(),
    now()
),
(
    '81f24498-45d2-50f3-9254-29ba36447b1c',
    'cfe734ed-2c5a-5584-84ba-cf463ac76fd6',
    'Submitting forms',
    FALSE,
    NULL,
    3,
    now(),
    now()
),
(
    '9801005d-72e7-5f03-9001-f84907e68445',
    'cfe734ed-2c5a-5584-84ba-cf463ac76fd6',
    'Creating SQL tables only',
    FALSE,
    NULL,
    4,
    now(),
    now()
);

COMMIT;
